,0
0,*
1,--
2,0000
3,1111
4,2-faced
5,2-faces
6,a+
7,abnormal
8,abolish
9,abominable
10,abominably
11,abominate
12,abomination
13,abort
14,aborted
15,abound
16,abounds
17,abrade
18,abrasive
19,abrupt
20,abruptly
21,abscond
22,absence
23,absent-minded
24,absentee
25,absurd
26,absurdity
27,absurdly
28,absurdness
29,abundance
30,abundant
31,abuse
32,abused
33,abusive
34,abysmal
35,abysmally
36,abyss
37,accessable
38,accessible
39,accidental
40,acclaim
41,acclaimed
42,acclamation
43,accolade
44,accommodative
45,accomodative
46,accomplish
47,accomplished
48,accomplishment
49,accost
50,accurate
51,accurately
52,accursed
53,accusation
54,accuse
55,accuses
56,accusing
57,accusingly
58,acerbate
59,acerbic
60,acerbically
61,ache
62,ached
63,achey
64,achievable
65,achievement
66,achievible
67,aching
68,acrid
69,acridly
70,acridness
71,acrimonious
72,acrimoniously
73,acrimony
74,acumen
75,adamant
76,adamantly
77,adaptable
78,adaptive
79,addict
80,addicted
81,addicting
82,adequate
83,adjustable
84,admirable
85,admirably
86,admiration
87,admire
88,admirer
89,admiring
90,admiringly
91,admonish
92,admonisher
93,admonishingly
94,admonishment
95,admonition
96,adorable
97,adore
98,adored
99,adorer
100,adoring
101,adoringly
102,adroit
103,adroitly
104,adulate
105,adulation
106,adulatory
107,adulterate
108,adulterated
109,adulteration
110,adulterier
111,advanced
112,advantage
113,advantageous
114,advantageously
115,adventuresome
116,adventurous
117,adversarial
118,adversary
119,adverse
120,adversity
121,advocate
122,advocated
123,affability
124,affable
125,affably
126,affectation
127,affection
128,affectionate
129,affinity
130,affirm
131,affirmation
132,affirmative
133,afflict
134,affliction
135,afflictive
136,affluence
137,affluent
138,afford
139,affordable
140,affordably
141,affront
142,afordable
143,afraid
144,aggravate
145,aggravating
146,aggravation
147,aggression
148,aggressive
149,aggressiveness
150,aggressor
151,aggrieve
152,aggrieved
153,aggrivation
154,aghast
155,agile
156,agilely
157,agility
158,agonize
159,agonizing
160,agonizingly
161,agony
162,agreeable
163,agreeableness
164,agreeably
165,aground
166,ail
167,ailing
168,ailment
169,aimless
170,alarm
171,alarmed
172,alarming
173,alarmingly
174,alienate
175,alienated
176,alienation
177,all-around
178,allegation
179,allege
180,allergic
181,allergy
182,alluring
183,alluringly
184,aloof
185,altercation
186,altruistic
187,altruistically
188,amaze
189,amazed
190,amazement
191,amazes
192,amazing
193,amazingly
194,ambiguity
195,ambiguous
196,ambitious
197,ambitiously
198,ambivalence
199,ambivalent
200,ambush
201,ameliorate
202,amenable
203,amenity
204,amiability
205,amiabily
206,amiable
207,amicability
208,amicable
209,amicably
210,amiss
211,amity
212,ample
213,amply
214,amputate
215,amuse
216,amusing
217,amusingly
218,anarchism
219,anarchist
220,anarchistic
221,anarchy
222,anemic
223,angel
224,angelic
225,anger
226,angrily
227,angriness
228,angry
229,anguish
230,animosity
231,annihilate
232,annihilation
233,annoy
234,annoyance
235,annoyed
236,annoying
237,annoyingly
238,annoys
239,anomalous
240,anomaly
241,antagonism
242,antagonist
243,antagonistic
244,antagonize
245,anti-
246,anti-american
247,anti-israeli
248,anti-occupation
249,anti-proliferation
250,anti-semite
251,anti-social
252,anti-us
253,anti-white
254,antipathy
255,antiquated
256,antithetical
257,anxiety
258,anxious
259,anxiously
260,anxiousness
261,apathetic
262,apathetically
263,apathy
264,apocalypse
265,apocalyptic
266,apologist
267,apotheosis
268,appal
269,appall
270,appalled
271,appalling
272,appallingly
273,appeal
274,appealing
275,applaud
276,appreciable
277,appreciate
278,appreciated
279,appreciates
280,appreciative
281,appreciatively
282,apprehension
283,apprehensive
284,apprehensively
285,appropriate
286,approval
287,approve
288,arbitrary
289,arcane
290,archaic
291,ardent
292,ardently
293,ardor
294,arduous
295,arduously
296,argumentative
297,arrogance
298,arrogant
299,arrogantly
300,articulate
301,ashamed
302,asinine
303,asininely
304,asinininity
305,askance
306,asperse
307,aspersion
308,aspiration
309,aspire
310,assail
311,assassin
312,assassinate
313,assault
314,assult
315,assurance
316,assure
317,assuredly
318,assuring
319,astonish
320,astonished
321,astonishing
322,astonishingly
323,astonishment
324,astound
325,astounded
326,astounding
327,astoundingly
328,astray
329,astutely
330,asunder
331,atrocious
332,atrocity
333,atrophy
334,attack
335,attentive
336,attraction
337,attractive
338,attractively
339,attune
340,audacious
341,audaciously
342,audaciousness
343,audacity
344,audible
345,audibly
346,audiciously
347,auspicious
348,austere
349,authentic
350,authoritarian
351,authoritative
352,autocrat
353,autocratic
354,autonomous
355,available
356,avalanche
357,avarice
358,avaricious
359,avariciously
360,avenge
361,aver
362,averse
363,aversion
364,avid
365,avidly
366,award
367,awarded
368,awe
369,awed
370,aweful
371,awesome
372,awesomely
373,awesomeness
374,awestruck
375,awful
376,awfully
377,awfulness
378,awkward
379,awkwardness
380,awsome
381,ax
382,b
383,babble
384,back-logged
385,back-wood
386,back-woods
387,backache
388,backaching
389,backbite
390,backbiting
391,backbone
392,backward
393,backwardness
394,backwood
395,backwoods
396,bad
397,badly
398,baffle
399,baffled
400,bafflement
401,baffling
402,bait
403,balanced
404,balk
405,banal
406,banalize
407,bane
408,banish
409,banishment
410,bankrupt
411,barbarian
412,barbaric
413,barbarically
414,barbarity
415,barbarous
416,barbarously
417,bargain
418,barren
419,baseless
420,bash
421,bashed
422,bashful
423,bashing
424,bastard
425,battered
426,battering
427,batty
428,bearish
429,beastly
430,beauteous
431,beautiful
432,beautifullly
433,beautifully
434,beautify
435,beauty
436,beckon
437,beckoned
438,beckoning
439,beckons
440,bedlam
441,bedlamite
442,befoul
443,beg
444,beggar
445,beggarly
446,begging
447,beguile
448,belabor
449,belated
450,beleaguer
451,belie
452,believable
453,believeable
454,belittle
455,belittled
456,belittling
457,bellicose
458,belligerence
459,belligerent
460,belligerently
461,beloved
462,bemoan
463,bemoaning
464,bemused
465,benefactor
466,beneficent
467,beneficial
468,beneficially
469,beneficiary
470,benefit
471,benevolence
472,benevolent
473,benifits
474,bent
475,berate
476,bereave
477,bereavement
478,bereft
479,berserk
480,beseech
481,beset
482,besiege
483,besmirch
484,best
485,best-known
486,best-performing
487,best-selling
488,bestial
489,betray
490,betrayal
491,betrayer
492,betraying
493,betrays
494,better
495,better-known
496,better-than-expected
497,beutifully
498,bewail
499,beware
500,bewilder
501,bewildered
502,bewildering
503,bewilderingly
504,bewilderment
505,bewitch
506,bias
507,biased
508,bicker
509,bickering
510,bid-rigging
511,bigotry
512,bitch
513,bitchy
514,biting
515,bitingly
516,bitter
517,bitterly
518,bitterness
519,bizarre
520,blab
521,blabber
522,blackmail
523,blah
524,blame
525,blameless
526,blameworthy
527,bland
528,blandish
529,blaspheme
530,blasphemous
531,blasphemy
532,blasted
533,blatant
534,blatantly
535,blather
536,bleak
537,bleakly
538,bleakness
539,bleed
540,bleeding
541,bleeds
542,blemish
543,bless
544,blessing
545,blind
546,blinding
547,blindingly
548,blindside
549,bliss
550,blissful
551,blissfully
552,blister
553,blistering
554,blithe
555,bloated
556,blockage
557,blockbuster
558,blockhead
559,bloodshed
560,bloodthirsty
561,bloody
562,bloom
563,blossom
564,blotchy
565,blow
566,blunder
567,blundering
568,blunt
569,blur
570,bluring
571,blurred
572,blurring
573,blurry
574,blurt
575,boastful
576,boggle
577,bogus
578,boil
579,boiling
580,boisterous
581,bolster
582,bomb
583,bombard
584,bombardment
585,bombastic
586,bondage
587,bonkers
588,bonny
589,bonus
590,boom
591,booming
592,boost
593,bore
594,bored
595,boredom
596,boring
597,botch
598,bother
599,bothered
600,bothering
601,bothersome
602,boundless
603,bountiful
604,bowdlerize
605,boycott
606,braggart
607,bragger
608,brainiest
609,brainless
610,brainwash
611,brainy
612,brand-new
613,brash
614,brashly
615,brashness
616,brat
617,bravado
618,brave
619,bravery
620,bravo
621,brazen
622,brazenly
623,brazenness
624,breach
625,break
626,break-up
627,break-ups
628,breakdown
629,breaking
630,breakthrough
631,breakup
632,breathlessness
633,breathtaking
634,breathtakingly
635,breeze
636,bribery
637,bright
638,brighten
639,brighter
640,brightest
641,brilliance
642,brilliant
643,brilliantly
644,brimstone
645,brisk
646,bristle
647,brittle
648,broke
649,broken
650,broken-hearted
651,brood
652,brotherly
653,browbeat
654,bruise
655,bruised
656,bruising
657,brusque
658,brutal
659,brutalising
660,brutality
661,brutalize
662,brutalizing
663,brutally
664,brute
665,brutish
666,buckle
667,bug
668,bugging
669,buggy
670,bulkier
671,bulkiness
672,bulky
673,bulkyness
674,bull
675,bullish
676,bullshit
677,bullshyt
678,bully
679,bullying
680,bullyingly
681,bum
682,bump
683,bumped
684,bumping
685,bumpping
686,bumpy
687,bungle
688,bungler
689,bungling
690,bunk
691,buoyant
692,burden
693,burdensome
694,burdensomely
695,burn
696,burned
697,burning
698,bust
699,busybody
700,but
701,butcher
702,butchery
703,buzzing
704,byzantine
705,cackle
706,cajole
707,calamitous
708,calamitously
709,calamity
710,callous
711,calm
712,calming
713,calmness
714,calumniate
715,calumniation
716,calumnious
717,calumniously
718,calumny
719,cancer
720,cancerous
721,cannibal
722,cannibalize
723,capability
724,capable
725,capably
726,capitulate
727,capricious
728,capriciously
729,capriciousness
730,capsize
731,captivate
732,captivating
733,carefree
734,careless
735,carelessness
736,caricature
737,carnage
738,carp
739,cartoonish
740,cash-strapped
741,cashback
742,cashbacks
743,castigate
744,castrated
745,casualty
746,cataclysm
747,cataclysmal
748,cataclysmic
749,cataclysmically
750,catastrophe
751,catastrophic
752,catastrophically
753,catastrophies
754,catchy
755,caustic
756,caustically
757,cautionary
758,cave
759,celebrate
760,celebrated
761,celebration
762,celebratory
763,censure
764,chafe
765,chaff
766,chagrin
767,challenging
768,champ
769,champion
770,chaos
771,chaotic
772,charisma
773,charismatic
774,charitable
775,charm
776,charming
777,charmingly
778,chaste
779,chasten
780,chastise
781,chastisement
782,chatter
783,chatterbox
784,cheap
785,cheapen
786,cheaper
787,cheapest
788,cheaply
789,cheat
790,cheated
791,cheater
792,cheating
793,checkered
794,cheer
795,cheerful
796,cheerless
797,cheery
798,cheesy
799,cherish
800,cherished
801,cherub
802,chic
803,chide
804,childish
805,chill
806,chilly
807,chintzy
808,chivalrous
809,chivalry
810,choke
811,choleric
812,choppy
813,chore
814,chronic
815,chunky
816,civility
817,civilize
818,clamor
819,clamorous
820,clarity
821,clash
822,classic
823,classy
824,clean
825,cleaner
826,cleanest
827,cleanliness
828,cleanly
829,clear
830,clear-cut
831,cleared
832,clearer
833,clearly
834,clever
835,cleverly
836,cliche
837,cliched
838,clique
839,clog
840,clogged
841,cloud
842,clouding
843,cloudy
844,clueless
845,clumsy
846,clunky
847,coarse
848,cocky
849,coerce
850,coercion
851,coercive
852,cohere
853,coherence
854,coherent
855,cohesive
856,cold
857,coldly
858,collapse
859,collude
860,collusion
861,colorful
862,combative
863,combust
864,comely
865,comfort
866,comfortable
867,comfortably
868,comforting
869,comfy
870,comical
871,commend
872,commendable
873,commendably
874,commiserate
875,commitment
876,commodious
877,commonplace
878,commotion
879,compact
880,compactly
881,compassion
882,compassionate
883,compatible
884,competitive
885,complacent
886,complain
887,complained
888,complaining
889,complains
890,complaint
891,complement
892,complementary
893,complemented
894,complex
895,compliant
896,complicated
897,complication
898,complicit
899,compliment
900,complimentary
901,comprehensive
902,compulsion
903,compulsive
904,con
905,concede
906,conceded
907,conceit
908,conceited
909,concen
910,concens
911,concern
912,concerned
913,concession
914,conciliate
915,conciliatory
916,concise
917,condemn
918,condemnable
919,condemnation
920,condemned
921,condemns
922,condescend
923,condescending
924,condescendingly
925,condescension
926,confess
927,confession
928,confidence
929,confident
930,confined
931,conflict
932,conflicted
933,conflicting
934,confound
935,confounded
936,confounding
937,confront
938,confrontation
939,confrontational
940,confuse
941,confused
942,confuses
943,confusing
944,confusion
945,congenial
946,congested
947,congestion
948,congratulate
949,congratulation
950,congratulatory
951,conscientious
952,conscons
953,conservative
954,considerate
955,consistent
956,consistently
957,conspicuous
958,conspicuously
959,conspiracy
960,conspirator
961,conspiratorial
962,conspire
963,consternation
964,constructive
965,consummate
966,contagious
967,contaminate
968,contaminated
969,contaminates
970,contaminating
971,contamination
972,contempt
973,contemptible
974,contemptuous
975,contemptuously
976,contend
977,contention
978,contentious
979,contentment
980,continuity
981,contort
982,contortion
983,contradict
984,contradiction
985,contradictory
986,contrariness
987,contrasty
988,contravene
989,contribution
990,contrive
991,contrived
992,controversial
993,controversy
994,convenience
995,convenient
996,conveniently
997,convience
998,convienient
999,convient
1000,convincing
1001,convincingly
1002,convoluted
1003,cool
1004,coolest
1005,cooperative
1006,cooperatively
1007,cornerstone
1008,correct
1009,correctly
1010,corrode
1011,corrosion
1012,corrosive
1013,corrupt
1014,corrupted
1015,corrupting
1016,corruption
1017,corrupts
1018,corruptted
1019,cost-effective
1020,cost-saving
1021,costlier
1022,costly
1023,counter-attack
1024,counter-attacks
1025,counter-productive
1026,counterproductive
1027,coupists
1028,courage
1029,courageous
1030,courageously
1031,courageousness
1032,courteous
1033,courtly
1034,covenant
1035,covetous
1036,coward
1037,cowardly
1038,cozy
1039,crabby
1040,crack
1041,cracked
1042,craftily
1043,craftly
1044,crafty
1045,cramp
1046,cramped
1047,cramping
1048,cranky
1049,crap
1050,crappy
1051,crash
1052,crashed
1053,crashing
1054,crass
1055,craven
1056,cravenly
1057,craze
1058,crazily
1059,craziness
1060,crazy
1061,creak
1062,creaking
1063,creative
1064,credence
1065,credible
1066,credulous
1067,creep
1068,creeping
1069,creepy
1070,crept
1071,crime
1072,criminal
1073,cringe
1074,cringed
1075,cringes
1076,cripple
1077,crippled
1078,crippling
1079,crisis
1080,crisp
1081,crisper
1082,critic
1083,critical
1084,criticism
1085,criticize
1086,criticized
1087,criticizing
1088,cronyism
1089,crook
1090,crooked
1091,crowded
1092,crowdedness
1093,crude
1094,cruel
1095,crueler
1096,cruelest
1097,cruelly
1098,cruelness
1099,cruelty
1100,crumble
1101,crumbling
1102,crummy
1103,crumple
1104,crumpled
1105,crumples
1106,crush
1107,crushed
1108,crushing
1109,cry
1110,culpable
1111,culprit
1112,cumbersome
1113,cunt
1114,cuplrit
1115,cure
1116,cure-all
1117,curse
1118,cursed
1119,curt
1120,cushy
1121,cuss
1122,cussed
1123,cute
1124,cuteness
1125,cutthroat
1126,cynical
1127,cynicism
1128,d
1129,damage
1130,damaged
1131,damaging
1132,damn
1133,damnable
1134,damnably
1135,damnation
1136,damned
1137,damning
1138,damper
1139,danger
1140,dangerous
1141,dangerousness
1142,danke
1143,danken
1144,daring
1145,daringly
1146,dark
1147,darken
1148,darkened
1149,darker
1150,darkness
1151,darling
1152,dashing
1153,dastard
1154,dastardly
1155,daunt
1156,daunting
1157,dauntingly
1158,dauntless
1159,dawdle
1160,dawn
1161,daze
1162,dazed
1163,dazzle
1164,dazzled
1165,dazzling
1166,dead
1167,dead-cheap
1168,dead-on
1169,deadbeat
1170,deadlock
1171,deadly
1172,deadweight
1173,deaf
1174,dearth
1175,death
1176,debacle
1177,debase
1178,debasement
1179,debaser
1180,debatable
1181,debauch
1182,debaucher
1183,debauchery
1184,debilitate
1185,debilitating
1186,debility
1187,debt
1188,decadence
1189,decadent
1190,decay
1191,decayed
1192,deceit
1193,deceitful
1194,deceitfully
1195,deceitfulness
1196,deceive
1197,deceiver
1198,deceiving
1199,decency
1200,decent
1201,deception
1202,deceptive
1203,deceptively
1204,decisive
1205,decisiveness
1206,declaim
1207,decline
1208,declining
1209,decrement
1210,decrepit
1211,decrepitude
1212,decry
1213,dedicated
1214,defamation
1215,defamatory
1216,defame
1217,defeat
1218,defeated
1219,defeating
1220,defect
1221,defective
1222,defender
1223,defensive
1224,deference
1225,defiance
1226,defiant
1227,defiantly
1228,deficiency
1229,deficient
1230,defile
1231,defiler
1232,deform
1233,deformed
1234,defrauding
1235,deft
1236,defunct
1237,defy
1238,degenerate
1239,degenerately
1240,degeneration
1241,deginified
1242,degradation
1243,degrade
1244,degrading
1245,degradingly
1246,dehumanization
1247,dehumanize
1248,deign
1249,deject
1250,dejected
1251,dejectedly
1252,dejection
1253,delay
1254,delayed
1255,delaying
1256,delectable
1257,delicacy
1258,delicate
1259,delicious
1260,delight
1261,delighted
1262,delightful
1263,delightfully
1264,delightfulness
1265,delinquency
1266,delinquent
1267,delirious
1268,delirium
1269,delude
1270,deluded
1271,deluge
1272,delusion
1273,delusional
1274,demean
1275,demeaning
1276,demise
1277,demolish
1278,demolisher
1279,demon
1280,demonic
1281,demonize
1282,demonized
1283,demonizes
1284,demonizing
1285,demoralize
1286,demoralizing
1287,demoralizingly
1288,denial
1289,denied
1290,denies
1291,denigrate
1292,denounce
1293,dense
1294,dent
1295,dented
1296,denunciate
1297,denunciation
1298,deny
1299,denying
1300,dependable
1301,dependably
1302,deplete
1303,deplorable
1304,deplorably
1305,deplore
1306,deploring
1307,deploringly
1308,deprave
1309,depraved
1310,depravedly
1311,deprecate
1312,depress
1313,depressed
1314,depressing
1315,depressingly
1316,depression
1317,deprive
1318,deprived
1319,deride
1320,derision
1321,derisive
1322,derisively
1323,derisiveness
1324,derogatory
1325,desecrate
1326,desert
1327,desertion
1328,deservedly
1329,deserving
1330,desiccate
1331,desiccated
1332,desirable
1333,desiring
1334,desirous
1335,desititute
1336,desolate
1337,desolately
1338,desolation
1339,despair
1340,despairing
1341,despairingly
1342,desperate
1343,desperately
1344,desperation
1345,despicable
1346,despicably
1347,despise
1348,despised
1349,despoil
1350,despoiler
1351,despondence
1352,despondency
1353,despondent
1354,despondently
1355,despot
1356,despotic
1357,despotism
1358,destabilisation
1359,destains
1360,destiny
1361,destitute
1362,destitution
1363,destroy
1364,destroyer
1365,destruction
1366,destructive
1367,desultory
1368,detachable
1369,deter
1370,deteriorate
1371,deteriorating
1372,deterioration
1373,deterrent
1374,detest
1375,detestable
1376,detestably
1377,detested
1378,detesting
1379,detests
1380,detract
1381,detracted
1382,detracting
1383,detraction
1384,detracts
1385,detriment
1386,detrimental
1387,devastate
1388,devastated
1389,devastates
1390,devastating
1391,devastatingly
1392,devastation
1393,deviate
1394,deviation
1395,devil
1396,devilish
1397,devilishly
1398,devilment
1399,devilry
1400,devious
1401,deviously
1402,deviousness
1403,devoid
1404,devout
1405,dexterous
1406,dexterously
1407,dextrous
1408,diabolic
1409,diabolical
1410,diabolically
1411,diametrically
1412,diappointed
1413,diatribe
1414,dick
1415,dictator
1416,dictatorial
1417,die
1418,die-hard
1419,died
1420,difficult
1421,difficulty
1422,diffidence
1423,dignified
1424,dignify
1425,dignity
1426,dilapidated
1427,dilemma
1428,diligence
1429,diligent
1430,diligently
1431,dilly-dally
1432,dim
1433,dimmer
1434,din
1435,ding
1436,dinky
1437,diplomatic
1438,dire
1439,direly
1440,direness
1441,dirt
1442,dirt-cheap
1443,dirtbag
1444,dirtbags
1445,dirty
1446,dis
1447,disable
1448,disabled
1449,disaccord
1450,disadvantage
1451,disadvantaged
1452,disadvantageous
1453,disaffect
1454,disaffected
1455,disaffirm
1456,disagree
1457,disagreeable
1458,disagreeably
1459,disagreed
1460,disagreeing
1461,disagreement
1462,disagrees
1463,disallow
1464,disapointed
1465,disapointing
1466,disapointment
1467,disappoint
1468,disappointed
1469,disappointing
1470,disappointingly
1471,disappointment
1472,disappoints
1473,disapprobation
1474,disapproval
1475,disapprove
1476,disapproving
1477,disarm
1478,disarray
1479,disaster
1480,disasterous
1481,disastrous
1482,disastrously
1483,disavow
1484,disavowal
1485,disbelief
1486,disbelieve
1487,disbeliever
1488,disclaim
1489,discombobulate
1490,discomfit
1491,discomfititure
1492,discomfort
1493,discompose
1494,disconcert
1495,disconcerted
1496,disconcerting
1497,disconcertingly
1498,disconsolate
1499,disconsolately
1500,disconsolation
1501,discontent
1502,discontented
1503,discontentedly
1504,discontinued
1505,discontinuity
1506,discontinuous
1507,discord
1508,discordance
1509,discordant
1510,discountenance
1511,discourage
1512,discouragement
1513,discouraging
1514,discouragingly
1515,discourteous
1516,discourteously
1517,discoutinous
1518,discredit
1519,discrepant
1520,discriminate
1521,discrimination
1522,discriminatory
1523,disdain
1524,disdained
1525,disdainful
1526,disdainfully
1527,disfavor
1528,disgrace
1529,disgraced
1530,disgraceful
1531,disgracefully
1532,disgruntle
1533,disgruntled
1534,disgust
1535,disgusted
1536,disgustedly
1537,disgustful
1538,disgustfully
1539,disgusting
1540,disgustingly
1541,dishearten
1542,disheartening
1543,dishearteningly
1544,dishonest
1545,dishonestly
1546,dishonesty
1547,dishonor
1548,dishonorable
1549,dishonorablely
1550,disillusion
1551,disillusioned
1552,disillusionment
1553,disinclination
1554,disinclined
1555,disingenuous
1556,disingenuously
1557,disintegrate
1558,disintegrated
1559,disintegrates
1560,disintegration
1561,disinterest
1562,disinterested
1563,dislike
1564,disliked
1565,disliking
1566,dislocated
1567,disloyal
1568,disloyalty
1569,dismal
1570,dismally
1571,dismalness
1572,dismay
1573,dismayed
1574,dismaying
1575,dismayingly
1576,dismissive
1577,dismissively
1578,disobedience
1579,disobedient
1580,disobey
1581,disoobedient
1582,disorder
1583,disordered
1584,disorderly
1585,disorganized
1586,disorient
1587,disoriented
1588,disown
1589,disparage
1590,disparaging
1591,disparagingly
1592,dispensable
1593,dispirit
1594,dispirited
1595,dispiritedly
1596,dispiriting
1597,displace
1598,displaced
1599,displease
1600,displeased
1601,displeasing
1602,displeasure
1603,disproportionate
1604,disprove
1605,disputable
1606,dispute
1607,disputed
1608,disquiet
1609,disquieting
1610,disquietingly
1611,disquietude
1612,disregard
1613,disregardful
1614,disreputable
1615,disrepute
1616,disrespect
1617,disrespectable
1618,disrespectablity
1619,disrespectful
1620,disrespectfully
1621,disrespectfulness
1622,disrespecting
1623,disrupt
1624,disruption
1625,disruptive
1626,dissapointed
1627,dissappointed
1628,dissappointing
1629,dissatisfaction
1630,dissatisfactory
1631,dissatisfied
1632,dissatisfies
1633,dissatisfy
1634,dissatisfying
1635,dissed
1636,dissemble
1637,dissembler
1638,dissension
1639,dissent
1640,dissenter
1641,dissention
1642,disservice
1643,dissidence
1644,dissident
1645,dissing
1646,dissocial
1647,dissolute
1648,dissolution
1649,dissonance
1650,dissonant
1651,dissonantly
1652,dissuade
1653,dissuasive
1654,distains
1655,distaste
1656,distasteful
1657,distastefully
1658,distinction
1659,distinctive
1660,distinguished
1661,distort
1662,distorted
1663,distortion
1664,distorts
1665,distract
1666,distracting
1667,distraction
1668,distraught
1669,distraughtly
1670,distraughtness
1671,distress
1672,distressed
1673,distressing
1674,distressingly
1675,distrust
1676,distrustful
1677,distrusting
1678,disturb
1679,disturbance
1680,disturbed
1681,disturbing
1682,disturbingly
1683,disunity
1684,disvalue
1685,divergent
1686,diversified
1687,divine
1688,divinely
1689,divisive
1690,divisively
1691,divisiveness
1692,dizzing
1693,dizzingly
1694,dizzy
1695,doddering
1696,dodgey
1697,dogged
1698,doggedly
1699,dogmatic
1700,doldrums
1701,dominate
1702,dominated
1703,dominates
1704,domineer
1705,domineering
1706,donside
1707,doom
1708,doomed
1709,doomsday
1710,dope
1711,dote
1712,dotingly
1713,doubt
1714,doubtful
1715,doubtfully
1716,doubtless
1717,douchbag
1718,douchebag
1719,douchebags
1720,downbeat
1721,downcast
1722,downer
1723,downfall
1724,downfallen
1725,downgrade
1726,downhearted
1727,downheartedly
1728,downhill
1729,downside
1730,downturn
1731,drab
1732,draconian
1733,draconic
1734,drag
1735,dragged
1736,dragging
1737,dragoon
1738,drain
1739,drained
1740,draining
1741,drastic
1742,drastically
1743,drawback
1744,dread
1745,dreadful
1746,dreadfully
1747,dreadfulness
1748,dreamland
1749,dreary
1750,drip
1751,dripped
1752,dripping
1753,drippy
1754,drone
1755,droop
1756,drop-out
1757,drop-outs
1758,dropout
1759,drought
1760,drowning
1761,drunk
1762,drunkard
1763,drunken
1764,dubious
1765,dubiously
1766,dubitable
1767,dud
1768,dull
1769,dullard
1770,dumb
1771,dumbfound
1772,dumbfounded
1773,dumbfounding
1774,dummy-proof
1775,dump
1776,dumped
1777,dumping
1778,dunce
1779,dungeon
1780,dupe
1781,durable
1782,dust
1783,dusty
1784,dwindling
1785,dy
1786,dying
1787,dynamic
1788,eager
1789,eagerly
1790,eagerness
1791,earnest
1792,earnestly
1793,earnestness
1794,earsplitting
1795,eas
1796,ease
1797,eased
1798,easier
1799,easiest
1800,easiness
1801,easing
1802,easy
1803,easy-to-use
1804,easygoing
1805,ebullience
1806,ebullient
1807,ebulliently
1808,eccentric
1809,eccentricity
1810,ecenomical
1811,economical
1812,ecstasy
1813,ecstatic
1814,ecstatically
1815,edify
1816,educated
1817,effective
1818,effectively
1819,effectiveness
1820,effectual
1821,efficacious
1822,efficient
1823,efficiently
1824,effigy
1825,effortless
1826,effortlessly
1827,effrontery
1828,effusion
1829,effusive
1830,effusively
1831,effusiveness
1832,egocentric
1833,egomania
1834,egotism
1835,egotistical
1836,egotistically
1837,egregious
1838,egregiously
1839,elan
1840,elate
1841,elated
1842,elatedly
1843,elation
1844,election-rigger
1845,electrify
1846,elegance
1847,elegant
1848,elegantly
1849,elevate
1850,elimination
1851,elite
1852,eloquence
1853,eloquent
1854,eloquently
1855,emaciated
1856,emasculate
1857,embarrass
1858,embarrassing
1859,embarrassingly
1860,embarrassment
1861,embattled
1862,embolden
1863,embroil
1864,embroiled
1865,embroilment
1866,emergency
1867,eminence
1868,eminent
1869,empathize
1870,empathy
1871,emphatic
1872,emphatically
1873,empower
1874,empowerment
1875,emptiness
1876,enchant
1877,enchanted
1878,enchanting
1879,enchantingly
1880,encourage
1881,encouragement
1882,encouraging
1883,encouragingly
1884,encroach
1885,encroachment
1886,endanger
1887,endear
1888,endearing
1889,endorse
1890,endorsed
1891,endorsement
1892,endorses
1893,endorsing
1894,enemy
1895,energetic
1896,energize
1897,energy-efficient
1898,energy-saving
1899,enervate
1900,enfeeble
1901,enflame
1902,engaging
1903,engrossing
1904,engulf
1905,enhance
1906,enhanced
1907,enhancement
1908,enhances
1909,enjoin
1910,enjoy
1911,enjoyable
1912,enjoyably
1913,enjoyed
1914,enjoying
1915,enjoyment
1916,enjoys
1917,enlighten
1918,enlightenment
1919,enliven
1920,enmity
1921,ennoble
1922,enough
1923,enrage
1924,enraged
1925,enraging
1926,enrapt
1927,enrapture
1928,enraptured
1929,enrich
1930,enrichment
1931,enslave
1932,entangle
1933,entanglement
1934,enterprising
1935,entertain
1936,entertaining
1937,entertains
1938,enthral
1939,enthrall
1940,enthralled
1941,enthuse
1942,enthusiasm
1943,enthusiast
1944,enthusiastic
1945,enthusiastically
1946,entice
1947,enticed
1948,enticing
1949,enticingly
1950,entranced
1951,entrancing
1952,entrap
1953,entrapment
1954,entrust
1955,enviable
1956,enviably
1957,envious
1958,enviously
1959,enviousness
1960,envy
1961,epidemic
1962,equitable
1963,equivocal
1964,erase
1965,ergonomical
1966,erode
1967,erodes
1968,erosion
1969,err
1970,err-free
1971,errant
1972,erratic
1973,erratically
1974,erroneous
1975,erroneously
1976,error
1977,erudite
1978,eruption
1979,escapade
1980,eschew
1981,estranged
1982,ethical
1983,eulogize
1984,euphoria
1985,euphoric
1986,euphorically
1987,evade
1988,evaluative
1989,evasion
1990,evasive
1991,evenly
1992,eventful
1993,everlasting
1994,evil
1995,evildoer
1996,eviscerate
1997,evocative
1998,exacerbate
1999,exagerate
2000,exagerated
2001,exagerates
2002,exaggerate
2003,exaggeration
2004,exalt
2005,exaltation
2006,exalted
2007,exaltedly
2008,exalting
2009,exaltingly
2010,examplar
2011,examplary
2012,exasperate
2013,exasperated
2014,exasperating
2015,exasperatingly
2016,exasperation
2017,excallent
2018,exceed
2019,exceeded
2020,exceeding
2021,exceedingly
2022,exceeds
2023,excel
2024,exceled
2025,excelent
2026,excellant
2027,excelled
2028,excellence
2029,excellency
2030,excellent
2031,excellently
2032,excels
2033,exceptional
2034,exceptionally
2035,excessive
2036,excessively
2037,excite
2038,excited
2039,excitedly
2040,excitedness
2041,excitement
2042,excites
2043,exciting
2044,excitingly
2045,exclusion
2046,excoriate
2047,excruciating
2048,excruciatingly
2049,excuse
2050,execrate
2051,exellent
2052,exemplar
2053,exemplary
2054,exhaust
2055,exhausted
2056,exhaustion
2057,exhilarate
2058,exhilarating
2059,exhilaratingly
2060,exhilaration
2061,exhorbitant
2062,exhort
2063,exile
2064,exonerate
2065,exorbitant
2066,exorbitantance
2067,exorbitantly
2068,expansive
2069,expeditiously
2070,expel
2071,expensive
2072,expertly
2073,expire
2074,expired
2075,explode
2076,exploit
2077,exploitation
2078,explosive
2079,expropriate
2080,expropriation
2081,expulse
2082,expunge
2083,exquisite
2084,exquisitely
2085,exterminate
2086,extermination
2087,extinguish
2088,extol
2089,extoll
2090,extort
2091,extortion
2092,extraneous
2093,extraordinarily
2094,extraordinary
2095,extravagance
2096,extravagant
2097,extravagantly
2098,extremism
2099,extremist
2100,exuberance
2101,exuberant
2102,exuberantly
2103,exult
2104,exultant
2105,exultation
2106,exultingly
2107,eye-catch
2108,eye-catching
2109,eyecatch
2110,eyecatching
2111,eyesore
2112,f
2113,fabricate
2114,fabrication
2115,fabulous
2116,fabulously
2117,facetious
2118,facetiously
2119,facilitate
2120,fail
2121,failed
2122,failing
2123,fails
2124,failure
2125,faint
2126,fainthearted
2127,fair
2128,fairly
2129,fairness
2130,faith
2131,faithful
2132,faithfully
2133,faithfulness
2134,faithless
2135,fake
2136,fall
2137,fallacious
2138,fallaciously
2139,fallaciousness
2140,fallacy
2141,fallen
2142,falling
2143,fallout
2144,false
2145,falsehood
2146,falsely
2147,falsify
2148,falter
2149,faltered
2150,fame
2151,famed
2152,famine
2153,famished
2154,famous
2155,famously
2156,fan
2157,fanatic
2158,fanatical
2159,fanatically
2160,fanaticism
2161,fancier
2162,fanciful
2163,fancinating
2164,fancy
2165,fanfare
2166,fantastic
2167,fantastically
2168,far-fetched
2169,farce
2170,farcical
2171,farcical-yet-provocative
2172,farcically
2173,farfetched
2174,fascinate
2175,fascinating
2176,fascinatingly
2177,fascination
2178,fascism
2179,fascist
2180,fashionable
2181,fashionably
2182,fast
2183,fast-growing
2184,fast-paced
2185,faster
2186,fastest
2187,fastest-growing
2188,fastidious
2189,fastidiously
2190,fastuous
2191,fat
2192,fat-cat
2193,fat-cats
2194,fatal
2195,fatalistic
2196,fatalistically
2197,fatally
2198,fatcat
2199,fatcats
2200,fateful
2201,fatefully
2202,fathomless
2203,fatigue
2204,fatigued
2205,fatique
2206,fatty
2207,fatuity
2208,fatuous
2209,fatuously
2210,fault
2211,faultless
2212,faulty
2213,fav
2214,fave
2215,favor
2216,favorable
2217,favored
2218,favorite
2219,favorited
2220,favour
2221,fawningly
2222,faze
2223,fear
2224,fearful
2225,fearfully
2226,fearless
2227,fearlessly
2228,fearsome
2229,feasible
2230,feasibly
2231,feat
2232,feature-rich
2233,fecilitous
2234,feckless
2235,feeble
2236,feeblely
2237,feebleminded
2238,feign
2239,feint
2240,feisty
2241,felicitate
2242,felicitous
2243,felicity
2244,fell
2245,felon
2246,felonious
2247,ferociously
2248,ferocity
2249,fertile
2250,fervent
2251,fervently
2252,fervid
2253,fervidly
2254,fervor
2255,festive
2256,fetid
2257,fever
2258,feverish
2259,fiasco
2260,fib
2261,fibber
2262,fickle
2263,fiction
2264,fictional
2265,fictitious
2266,fidelity
2267,fidget
2268,fidgety
2269,fiend
2270,fiendish
2271,fierce
2272,fiery
2273,figurehead
2274,filth
2275,filthy
2276,finagle
2277,fine
2278,fine-looking
2279,finely
2280,finer
2281,finest
2282,finicky
2283,firmer
2284,first-class
2285,first-in-class
2286,first-rate
2287,fissure
2288,fist
2289,flabbergast
2290,flabbergasted
2291,flagging
2292,flagrant
2293,flagrantly
2294,flair
2295,flak
2296,flake
2297,flakey
2298,flakieness
2299,flaking
2300,flaky
2301,flare
2302,flareup
2303,flareups
2304,flashy
2305,flat-out
2306,flatter
2307,flattering
2308,flatteringly
2309,flaunt
2310,flaw
2311,flawed
2312,flawless
2313,flawlessly
2314,flee
2315,fleed
2316,fleeing
2317,fleer
2318,flees
2319,fleeting
2320,flexibility
2321,flexible
2322,flicering
2323,flicker
2324,flickering
2325,flighty
2326,flimflam
2327,flimsy
2328,flirt
2329,flirty
2330,floored
2331,flounder
2332,floundering
2333,flourish
2334,flourishing
2335,flout
2336,fluent
2337,fluster
2338,flutter
2339,foe
2340,fond
2341,fondly
2342,fondness
2343,fool
2344,fooled
2345,foolhardy
2346,foolish
2347,foolishly
2348,foolishness
2349,foolproof
2350,forbid
2351,forbidden
2352,forbidding
2353,forceful
2354,foreboding
2355,forebodingly
2356,foremost
2357,foresight
2358,forfeit
2359,forged
2360,forgetful
2361,forgetfully
2362,forgetfulness
2363,forlorn
2364,forlornly
2365,formidable
2366,forsake
2367,forsaken
2368,forswear
2369,fortitude
2370,fortuitous
2371,fortuitously
2372,fortunate
2373,fortunately
2374,fortune
2375,foul
2376,foully
2377,foulness
2378,fractious
2379,fractiously
2380,fracture
2381,fragile
2382,fragmented
2383,fragrant
2384,frail
2385,frantic
2386,frantically
2387,franticly
2388,fraud
2389,fraudulent
2390,fraught
2391,frazzle
2392,frazzled
2393,freak
2394,freaking
2395,freakish
2396,freakishly
2397,free
2398,freed
2399,freedom
2400,freeze
2401,freezing
2402,frenetic
2403,frenetically
2404,frenzied
2405,frenzy
2406,fresh
2407,fresher
2408,freshest
2409,fret
2410,fretful
2411,friction
2412,fried
2413,friendliness
2414,friendly
2415,friggin
2416,frigging
2417,fright
2418,frighten
2419,frightening
2420,frighteningly
2421,frightful
2422,frightfully
2423,frigid
2424,frolic
2425,frost
2426,frown
2427,froze
2428,frozen
2429,frugal
2430,fruitful
2431,fruitless
2432,fruitlessly
2433,frustrate
2434,frustrated
2435,frustrates
2436,frustrating
2437,frustratingly
2438,frustration
2439,ftw
2440,fuck
2441,fucking
2442,fudge
2443,fugitive
2444,fulfillment
2445,full-blown
2446,fulminate
2447,fumble
2448,fume
2449,fun
2450,fundamentalism
2451,funky
2452,funnily
2453,funny
2454,furious
2455,furiously
2456,furor
2457,fury
2458,fuss
2459,fussy
2460,fustigate
2461,fusty
2462,futile
2463,futilely
2464,futility
2465,futurestic
2466,futuristic
2467,fuzzy
2468,gabble
2469,gaff
2470,gaffe
2471,gaiety
2472,gaily
2473,gain
2474,gained
2475,gainful
2476,gainfully
2477,gaining
2478,gainsay
2479,gainsayer
2480,gall
2481,gallant
2482,gallantly
2483,galling
2484,gallingly
2485,galore
2486,gangster
2487,gape
2488,garbage
2489,garish
2490,gasp
2491,gauche
2492,gaudy
2493,gawk
2494,gawky
2495,geekier
2496,geeky
2497,geezer
2498,gem
2499,generosity
2500,generous
2501,generously
2502,genial
2503,genius
2504,genocide
2505,gentle
2506,gentlest
2507,genuine
2508,get-rich
2509,ghastly
2510,ghetto
2511,ghosting
2512,gibber
2513,gibberish
2514,gibe
2515,giddy
2516,gifted
2517,gimmick
2518,gimmicked
2519,gimmicking
2520,gimmicky
2521,glad
2522,gladden
2523,gladly
2524,gladness
2525,glamorous
2526,glare
2527,glaringly
2528,glee
2529,gleeful
2530,gleefully
2531,glib
2532,glibly
2533,glimmer
2534,glimmering
2535,glisten
2536,glistening
2537,glitch
2538,glitter
2539,glitz
2540,gloatingly
2541,gloom
2542,gloomy
2543,glorify
2544,glorious
2545,gloriously
2546,glory
2547,glow
2548,glower
2549,glowing
2550,glowingly
2551,glum
2552,glut
2553,gnawing
2554,goad
2555,goading
2556,god-awful
2557,god-given
2558,god-send
2559,godlike
2560,godsend
2561,gold
2562,golden
2563,good
2564,goodly
2565,goodness
2566,goodwill
2567,goof
2568,goofy
2569,goon
2570,goood
2571,gooood
2572,gorgeous
2573,gorgeously
2574,gossip
2575,grace
2576,graceful
2577,gracefully
2578,graceless
2579,gracelessly
2580,gracious
2581,graciously
2582,graciousness
2583,graft
2584,grainy
2585,grand
2586,grandeur
2587,grapple
2588,grate
2589,grateful
2590,gratefully
2591,gratification
2592,gratified
2593,gratifies
2594,gratify
2595,gratifying
2596,gratifyingly
2597,grating
2598,gratitude
2599,gravely
2600,greasy
2601,great
2602,greatest
2603,greatness
2604,greed
2605,greedy
2606,grief
2607,grievance
2608,grieve
2609,grieving
2610,grievous
2611,grievously
2612,grim
2613,grimace
2614,grin
2615,grind
2616,gripe
2617,grisly
2618,gritty
2619,gross
2620,grossly
2621,grotesque
2622,grouch
2623,grouchy
2624,groundbreaking
2625,groundless
2626,grouse
2627,growl
2628,grudge
2629,grudging
2630,grudgingly
2631,gruesome
2632,gruesomely
2633,gruff
2634,grumble
2635,grumpier
2636,grumpiest
2637,grumpily
2638,grumpish
2639,grumpy
2640,guarantee
2641,guidance
2642,guile
2643,guilt
2644,guiltily
2645,guiltless
2646,guilty
2647,gullible
2648,gumption
2649,gush
2650,gusto
2651,gutless
2652,gutsy
2653,gutter
2654,hack
2655,haggard
2656,haggle
2657,hail
2658,hairloss
2659,halcyon
2660,hale
2661,halfhearted
2662,halfheartedly
2663,hallmark
2664,hallowed
2665,hallucinate
2666,hallucination
2667,hamper
2668,hampered
2669,handicapped
2670,handier
2671,handily
2672,hands-down
2673,handsome
2674,handsomely
2675,handy
2676,hang
2677,haphazard
2678,hapless
2679,happier
2680,happily
2681,happiness
2682,happy
2683,harangue
2684,harass
2685,harassed
2686,harasses
2687,harassment
2688,harbor
2689,harboring
2690,hard
2691,hard-hit
2692,hard-line
2693,hard-liner
2694,hard-working
2695,hardball
2696,harden
2697,hardened
2698,hardheaded
2699,hardhearted
2700,hardier
2701,hardliner
2702,hardship
2703,hardy
2704,harm
2705,harmed
2706,harmful
2707,harmless
2708,harmonious
2709,harmoniously
2710,harmonize
2711,harmony
2712,harpy
2713,harridan
2714,harried
2715,harrow
2716,harsh
2717,harshly
2718,hasseling
2719,hassle
2720,hassled
2721,haste
2722,hastily
2723,hasty
2724,hate
2725,hated
2726,hateful
2727,hatefully
2728,hatefulness
2729,hater
2730,hating
2731,hatred
2732,haughtily
2733,haughty
2734,haunt
2735,haunting
2736,havoc
2737,hawkish
2738,haywire
2739,hazard
2740,hazardous
2741,haze
2742,hazy
2743,head-aches
2744,headache
2745,headway
2746,heal
2747,healthful
2748,healthy
2749,heartbreaker
2750,heartbreaking
2751,heartbreakingly
2752,hearten
2753,heartening
2754,heartfelt
2755,heartily
2756,heartless
2757,heartwarming
2758,heathen
2759,heaven
2760,heavenly
2761,heavy-handed
2762,heavyhearted
2763,heck
2764,heckle
2765,heckled
2766,hectic
2767,hedge
2768,hedonistic
2769,heedless
2770,hefty
2771,hegemonism
2772,hegemonistic
2773,hegemony
2774,heinous
2775,hell
2776,hell-bent
2777,hellion
2778,helped
2779,helpful
2780,helping
2781,helpless
2782,helplessly
2783,helplessness
2784,heresy
2785,heretic
2786,heretical
2787,hero
2788,heroic
2789,heroically
2790,heroine
2791,heroize
2792,hesitant
2793,hestitant
2794,hideous
2795,hideously
2796,hideousness
2797,high-priced
2798,high-quality
2799,high-spirited
2800,hilarious
2801,hiliarious
2802,hinder
2803,hindrance
2804,hiss
2805,hissed
2806,hissing
2807,ho-hum
2808,hoard
2809,hoax
2810,hobble
2811,hog
2812,hollow
2813,holy
2814,homage
2815,honest
2816,honesty
2817,honor
2818,honorable
2819,honored
2820,honoring
2821,hoodium
2822,hoodwink
2823,hooligan
2824,hooray
2825,hopeful
2826,hopeless
2827,hopelessly
2828,hopelessness
2829,horde
2830,horrendous
2831,horrendously
2832,horrible
2833,horrid
2834,horrific
2835,horrified
2836,horrifies
2837,horrify
2838,horrifying
2839,horrifys
2840,hospitable
2841,hostage
2842,hostile
2843,hostility
2844,hot
2845,hotbed
2846,hotcake
2847,hothead
2848,hotheaded
2849,hothouse
2850,hottest
2851,hubris
2852,huckster
2853,hug
2854,hum
2855,humane
2856,humble
2857,humid
2858,humiliate
2859,humiliating
2860,humiliation
2861,humility
2862,humming
2863,humor
2864,humorous
2865,humorously
2866,humour
2867,humourous
2868,hung
2869,hurt
2870,hurted
2871,hurtful
2872,hurting
2873,hustler
2874,hype
2875,hypocricy
2876,hypocrisy
2877,hypocrite
2878,hypocritical
2879,hypocritically
2880,hysteria
2881,hysteric
2882,hysterical
2883,hysterically
2884,ideal
2885,idealize
2886,ideally
2887,idiocy
2888,idiot
2889,idiotic
2890,idiotically
2891,idle
2892,idol
2893,idolize
2894,idolized
2895,idyllic
2896,ignoble
2897,ignominious
2898,ignominiously
2899,ignominy
2900,ignorance
2901,ignorant
2902,ignore
2903,ill-advised
2904,ill-conceived
2905,ill-defined
2906,ill-designed
2907,ill-fated
2908,ill-favored
2909,ill-formed
2910,ill-mannered
2911,ill-natured
2912,ill-sorted
2913,ill-tempered
2914,ill-treated
2915,ill-treatment
2916,ill-usage
2917,ill-used
2918,illegal
2919,illegally
2920,illegitimate
2921,illicit
2922,illiterate
2923,illness
2924,illogic
2925,illogical
2926,illogically
2927,illuminate
2928,illuminati
2929,illuminating
2930,illumine
2931,illusion
2932,illusory
2933,illustrious
2934,ilu
2935,imaculate
2936,imaginary
2937,imaginative
2938,imbalance
2939,imbecile
2940,imbroglio
2941,immaculate
2942,immaculately
2943,immaterial
2944,immature
2945,immense
2946,imminence
2947,imminently
2948,immobilized
2949,immoderate
2950,immoderately
2951,immodest
2952,immoral
2953,immorality
2954,immorally
2955,immovable
2956,impair
2957,impaired
2958,impartial
2959,impartiality
2960,impartially
2961,impasse
2962,impassioned
2963,impatience
2964,impatient
2965,impatiently
2966,impeach
2967,impeccable
2968,impeccably
2969,impedance
2970,impede
2971,impediment
2972,impending
2973,impenitent
2974,imperfect
2975,imperfection
2976,imperfectly
2977,imperialist
2978,imperil
2979,imperious
2980,imperiously
2981,impermissible
2982,impersonal
2983,impertinent
2984,impetuous
2985,impetuously
2986,impiety
2987,impinge
2988,impious
2989,implacable
2990,implausible
2991,implausibly
2992,implicate
2993,implication
2994,implode
2995,impolite
2996,impolitely
2997,impolitic
2998,important
2999,importunate
3000,importune
3001,impose
3002,imposers
3003,imposing
3004,imposition
3005,impossible
3006,impossiblity
3007,impossibly
3008,impotent
3009,impoverish
3010,impoverished
3011,impractical
3012,imprecate
3013,imprecise
3014,imprecisely
3015,imprecision
3016,impress
3017,impressed
3018,impressive
3019,impressively
3020,impressiveness
3021,imprison
3022,imprisonment
3023,improbability
3024,improbable
3025,improbably
3026,improper
3027,improperly
3028,impropriety
3029,improve
3030,improved
3031,improvement
3032,improves
3033,improving
3034,imprudence
3035,imprudent
3036,impudence
3037,impudent
3038,impudently
3039,impugn
3040,impulsive
3041,impulsively
3042,impunity
3043,impure
3044,impurity
3045,inability
3046,inaccuracy
3047,inaccurate
3048,inaccurately
3049,inaction
3050,inactive
3051,inadequacy
3052,inadequate
3053,inadequately
3054,inadverent
3055,inadverently
3056,inadvisable
3057,inadvisably
3058,inane
3059,inanely
3060,inappropriate
3061,inappropriately
3062,inapt
3063,inaptitude
3064,inarticulate
3065,inattentive
3066,inaudible
3067,incapable
3068,incapably
3069,incautious
3070,incendiary
3071,incense
3072,incessant
3073,incessantly
3074,incite
3075,incitement
3076,incivility
3077,inclement
3078,incognizant
3079,incoherence
3080,incoherent
3081,incoherently
3082,incommensurate
3083,incomparable
3084,incomparably
3085,incompatability
3086,incompatibility
3087,incompatible
3088,incompetence
3089,incompetent
3090,incompetently
3091,incomplete
3092,incompliant
3093,incomprehensible
3094,incomprehension
3095,inconceivable
3096,inconceivably
3097,incongruous
3098,incongruously
3099,inconsequent
3100,inconsequential
3101,inconsequentially
3102,inconsequently
3103,inconsiderate
3104,inconsiderately
3105,inconsistence
3106,inconsistency
3107,inconsistent
3108,inconsolable
3109,inconsolably
3110,inconstant
3111,inconvenience
3112,inconveniently
3113,incorrect
3114,incorrectly
3115,incorrigible
3116,incorrigibly
3117,incredible
3118,incredibly
3119,incredulous
3120,incredulously
3121,inculcate
3122,indebted
3123,indecency
3124,indecent
3125,indecently
3126,indecision
3127,indecisive
3128,indecisively
3129,indecorum
3130,indefensible
3131,indelicate
3132,indeterminable
3133,indeterminably
3134,indeterminate
3135,indifference
3136,indifferent
3137,indigent
3138,indignant
3139,indignantly
3140,indignation
3141,indignity
3142,indiscernible
3143,indiscreet
3144,indiscreetly
3145,indiscretion
3146,indiscriminate
3147,indiscriminately
3148,indiscriminating
3149,indistinguishable
3150,individualized
3151,indoctrinate
3152,indoctrination
3153,indolent
3154,indulge
3155,indulgence
3156,indulgent
3157,industrious
3158,ineffective
3159,ineffectively
3160,ineffectiveness
3161,ineffectual
3162,ineffectually
3163,ineffectualness
3164,inefficacious
3165,inefficacy
3166,inefficiency
3167,inefficient
3168,inefficiently
3169,inelegance
3170,inelegant
3171,ineligible
3172,ineloquent
3173,ineloquently
3174,inept
3175,ineptitude
3176,ineptly
3177,inequality
3178,inequitable
3179,inequitably
3180,inequity
3181,inescapable
3182,inescapably
3183,inessential
3184,inestimable
3185,inestimably
3186,inevitable
3187,inevitably
3188,inexcusable
3189,inexcusably
3190,inexorable
3191,inexorably
3192,inexpensive
3193,inexperience
3194,inexperienced
3195,inexpert
3196,inexpertly
3197,inexpiable
3198,inexplainable
3199,inextricable
3200,inextricably
3201,infallibility
3202,infallible
3203,infallibly
3204,infamous
3205,infamously
3206,infamy
3207,infected
3208,infection
3209,inferior
3210,inferiority
3211,infernal
3212,infest
3213,infested
3214,infidel
3215,infiltrator
3216,infirm
3217,inflame
3218,inflammation
3219,inflammatory
3220,inflammed
3221,inflated
3222,inflationary
3223,inflexible
3224,inflict
3225,influential
3226,infraction
3227,infringe
3228,infringement
3229,infuriate
3230,infuriated
3231,infuriating
3232,infuriatingly
3233,ingenious
3234,ingeniously
3235,ingenuity
3236,ingenuous
3237,ingenuously
3238,inglorious
3239,ingrate
3240,ingratitude
3241,inhibit
3242,inhibition
3243,inhospitable
3244,inhospitality
3245,inhuman
3246,inhumane
3247,inhumanity
3248,inimical
3249,inimically
3250,iniquitous
3251,iniquity
3252,injudicious
3253,injure
3254,injurious
3255,injury
3256,injustice
3257,innocuous
3258,innovation
3259,innovative
3260,innuendo
3261,inoperable
3262,inopportune
3263,inordinate
3264,inordinately
3265,inpressed
3266,insane
3267,insanely
3268,insanity
3269,insatiable
3270,insecure
3271,insecurity
3272,insensible
3273,insensitive
3274,insensitively
3275,insensitivity
3276,insidious
3277,insidiously
3278,insightful
3279,insightfully
3280,insignificance
3281,insignificant
3282,insignificantly
3283,insincere
3284,insincerely
3285,insincerity
3286,insinuate
3287,insinuating
3288,insinuation
3289,insociable
3290,insolence
3291,insolent
3292,insolently
3293,insolvent
3294,insouciance
3295,inspiration
3296,inspirational
3297,inspire
3298,inspiring
3299,instability
3300,instable
3301,instantly
3302,instigate
3303,instigator
3304,instructive
3305,instrumental
3306,insubordinate
3307,insubstantial
3308,insubstantially
3309,insufferable
3310,insufferably
3311,insufficiency
3312,insufficient
3313,insufficiently
3314,insular
3315,insult
3316,insulted
3317,insulting
3318,insultingly
3319,insupportable
3320,insupportably
3321,insurmountable
3322,insurmountably
3323,insurrection
3324,intefere
3325,inteferes
3326,integral
3327,integrated
3328,intelligence
3329,intelligent
3330,intelligible
3331,intense
3332,interest
3333,interesting
3334,interfere
3335,interference
3336,interferes
3337,intermittent
3338,interrupt
3339,interruption
3340,intimacy
3341,intimate
3342,intimidate
3343,intimidating
3344,intimidatingly
3345,intimidation
3346,intolerable
3347,intolerablely
3348,intolerance
3349,intoxicate
3350,intractable
3351,intransigence
3352,intransigent
3353,intricate
3354,intrigue
3355,intriguing
3356,intriguingly
3357,intrude
3358,intrusion
3359,intrusive
3360,intuitive
3361,inundate
3362,inundated
3363,invader
3364,invalid
3365,invalidate
3366,invalidity
3367,invaluable
3368,invaluablely
3369,invasive
3370,invective
3371,inveigle
3372,inventive
3373,invidious
3374,invidiously
3375,invidiousness
3376,invigorate
3377,invigorating
3378,invincibility
3379,invincible
3380,inviolable
3381,inviolate
3382,invisible
3383,involuntarily
3384,involuntary
3385,invulnerable
3386,irascible
3387,irate
3388,irately
3389,ire
3390,irk
3391,irked
3392,irking
3393,irks
3394,irksome
3395,irksomely
3396,irksomeness
3397,irksomenesses
3398,ironic
3399,ironical
3400,ironically
3401,irony
3402,irragularity
3403,irrational
3404,irrationality
3405,irrationally
3406,irreconcilable
3407,irrecoverable
3408,irrecoverableness
3409,irrecoverablenesses
3410,irrecoverably
3411,irredeemable
3412,irredeemably
3413,irreformable
3414,irregular
3415,irregularity
3416,irrelevance
3417,irrelevant
3418,irreparable
3419,irreplaceable
3420,irreplacible
3421,irrepressible
3422,irreproachable
3423,irresistible
3424,irresistibly
3425,irresolute
3426,irresolvable
3427,irresponsible
3428,irresponsibly
3429,irretating
3430,irretrievable
3431,irreversible
3432,irritable
3433,irritably
3434,irritant
3435,irritate
3436,irritated
3437,irritating
3438,irritation
3439,isolate
3440,isolated
3441,isolation
3442,issue
3443,issue-free
3444,itch
3445,itching
3446,itchy
3447,jabber
3448,jaded
3449,jagged
3450,jam
3451,jarring
3452,jaundiced
3453,jaw-droping
3454,jaw-dropping
3455,jealous
3456,jealously
3457,jealousness
3458,jealousy
3459,jeer
3460,jeering
3461,jeeringly
3462,jeopardize
3463,jeopardy
3464,jerk
3465,jerky
3466,jitter
3467,jittery
3468,job-killing
3469,jobless
3470,joke
3471,joker
3472,jollify
3473,jolly
3474,jolt
3475,jovial
3476,joy
3477,joyful
3478,joyfully
3479,joyous
3480,joyously
3481,jubilant
3482,jubilantly
3483,jubilate
3484,jubilation
3485,jubiliant
3486,judder
3487,juddering
3488,judders
3489,judicious
3490,jumpy
3491,junk
3492,junky
3493,junkyard
3494,justly
3495,jutter
3496,jutters
3497,k
3498,kaput
3499,keen
3500,keenly
3501,keenness
3502,kid-friendly
3503,kill
3504,killed
3505,killer
3506,killing
3507,killjoy
3508,kindliness
3509,kindly
3510,kindness
3511,knave
3512,knife
3513,knock
3514,knotted
3515,knowledgeable
3516,kook
3517,kooky
3518,kudos
3519,lack
3520,lackadaisical
3521,lacked
3522,lackey
3523,lacking
3524,lackluster
3525,laconic
3526,lag
3527,lagged
3528,lagging
3529,laggy
3530,laid-off
3531,lambast
3532,lambaste
3533,lame
3534,lame-duck
3535,lament
3536,lamentable
3537,lamentably
3538,languid
3539,languish
3540,languor
3541,languorous
3542,languorously
3543,lanky
3544,lapse
3545,lapsed
3546,large-capacity
3547,lascivious
3548,last-ditch
3549,latency
3550,laud
3551,laudable
3552,laudably
3553,laughable
3554,laughably
3555,laughingstock
3556,lavish
3557,lavishly
3558,law-abiding
3559,lawbreaker
3560,lawbreaking
3561,lawful
3562,lawfully
3563,lawless
3564,lawlessness
3565,layoff
3566,layoff-happy
3567,lazy
3568,lead
3569,leading
3570,leak
3571,leakage
3572,leaking
3573,leaky
3574,lean
3575,lech
3576,lecher
3577,lecherous
3578,lechery
3579,led
3580,leech
3581,leer
3582,leery
3583,left-leaning
3584,legendary
3585,lemon
3586,lengthy
3587,less-developed
3588,lesser-known
3589,letch
3590,lethal
3591,lethargic
3592,lethargy
3593,leverage
3594,levity
3595,lewd
3596,lewdly
3597,lewdness
3598,liability
3599,liable
3600,liar
3601,liberate
3602,liberation
3603,liberty
3604,licentious
3605,licentiously
3606,licentiousness
3607,lie
3608,lied
3609,lier
3610,life-threatening
3611,lifeless
3612,lifesaver
3613,light-hearted
3614,lighter
3615,likable
3616,like
3617,liked
3618,liking
3619,limit
3620,limitation
3621,limited
3622,limp
3623,lionhearted
3624,listless
3625,litigious
3626,little-known
3627,lively
3628,livid
3629,lividly
3630,loath
3631,loathe
3632,loathing
3633,loathly
3634,loathsome
3635,loathsomely
3636,logical
3637,lone
3638,loneliness
3639,lonely
3640,loner
3641,lonesome
3642,long-lasting
3643,long-time
3644,long-winded
3645,longing
3646,longingly
3647,loophole
3648,loose
3649,loot
3650,lorn
3651,lose
3652,loser
3653,loses
3654,losing
3655,loss
3656,lost
3657,loud
3658,louder
3659,lousy
3660,lovable
3661,lovably
3662,love
3663,loved
3664,loveless
3665,loveliness
3666,lovelorn
3667,lovely
3668,lover
3669,loving
3670,low-cost
3671,low-price
3672,low-priced
3673,low-rated
3674,low-risk
3675,lower-priced
3676,lowly
3677,loyal
3678,loyalty
3679,lucid
3680,lucidly
3681,luck
3682,luckier
3683,luckiest
3684,luckiness
3685,lucky
3686,lucrative
3687,ludicrous
3688,ludicrously
3689,lugubrious
3690,lukewarm
3691,lull
3692,luminous
3693,lumpy
3694,lunatic
3695,lunaticism
3696,lurch
3697,lure
3698,lurid
3699,lurk
3700,lurking
3701,lush
3702,luster
3703,lustrous
3704,luxuriant
3705,luxuriate
3706,luxurious
3707,luxuriously
3708,luxury
3709,lying
3710,lyrical
3711,macabre
3712,mad
3713,madden
3714,maddening
3715,maddeningly
3716,madder
3717,madly
3718,madman
3719,madness
3720,magic
3721,magical
3722,magnanimous
3723,magnanimously
3724,magnificence
3725,magnificent
3726,magnificently
3727,majestic
3728,majesty
3729,maladjusted
3730,maladjustment
3731,malady
3732,malaise
3733,malcontent
3734,malcontented
3735,maledict
3736,malevolence
3737,malevolent
3738,malevolently
3739,malice
3740,malicious
3741,maliciously
3742,maliciousness
3743,malign
3744,malignant
3745,malodorous
3746,maltreatment
3747,manageable
3748,maneuverable
3749,mangle
3750,mangled
3751,mangling
3752,mania
3753,maniac
3754,maniacal
3755,manic
3756,manipulate
3757,manipulation
3758,manipulative
3759,manipulator
3760,mar
3761,marginal
3762,marginally
3763,martyrdom
3764,martyrdom-seeking
3765,marvel
3766,marveled
3767,marvelled
3768,marvellous
3769,marvelous
3770,marvelously
3771,marvelousness
3772,mashed
3773,massacre
3774,master
3775,masterful
3776,masterfully
3777,masterpiece
3778,mastery
3779,matchless
3780,matte
3781,mature
3782,maturely
3783,maturity
3784,mawkish
3785,mawkishly
3786,mawkishness
3787,meager
3788,meaningful
3789,meaningless
3790,meanness
3791,measly
3792,meddle
3793,meddlesome
3794,mediocre
3795,mediocrity
3796,melancholy
3797,melodramatic
3798,melodramatically
3799,meltdown
3800,memorable
3801,menace
3802,menacing
3803,menacingly
3804,mendacious
3805,mendacity
3806,menial
3807,merciful
3808,mercifully
3809,merciless
3810,mercilessly
3811,mercy
3812,merit
3813,meritorious
3814,merrily
3815,merriment
3816,merriness
3817,merry
3818,mesmerize
3819,mesmerized
3820,mesmerizes
3821,mesmerizing
3822,mesmerizingly
3823,mess
3824,messed
3825,messing
3826,messy
3827,meticulous
3828,meticulously
3829,midget
3830,miff
3831,mightily
3832,mighty
3833,militancy
3834,mind-blowing
3835,mindless
3836,mindlessly
3837,miracle
3838,miraculous
3839,miraculously
3840,miraculousness
3841,mirage
3842,mire
3843,misalign
3844,misaligned
3845,misaligns
3846,misapprehend
3847,misbecome
3848,misbecoming
3849,misbegotten
3850,misbehave
3851,misbehavior
3852,miscalculate
3853,miscalculation
3854,miscellaneous
3855,mischief
3856,mischievous
3857,mischievously
3858,misconception
3859,miscreant
3860,misdirection
3861,miser
3862,miserable
3863,miserableness
3864,miserably
3865,miserly
3866,misery
3867,misfit
3868,misfortune
3869,misgiving
3870,misguidance
3871,misguide
3872,misguided
3873,mishandle
3874,mishap
3875,misinform
3876,misinformed
3877,misinterpret
3878,misjudge
3879,misjudgment
3880,mislead
3881,misleading
3882,misleadingly
3883,mislike
3884,mismanage
3885,mispronounce
3886,mispronounced
3887,mispronounces
3888,misread
3889,misreading
3890,misrepresent
3891,misrepresentation
3892,miss
3893,missed
3894,misstatement
3895,mist
3896,mistake
3897,mistaken
3898,mistakenly
3899,mistified
3900,mistress
3901,mistrust
3902,mistrustful
3903,mistrustfully
3904,misunderstand
3905,misunderstanding
3906,misunderstood
3907,misuse
3908,mn
3909,moan
3910,mobster
3911,mock
3912,mocked
3913,mockery
3914,mocking
3915,mockingly
3916,modern
3917,modest
3918,modesty
3919,molest
3920,molestation
3921,momentous
3922,monotonous
3923,monotony
3924,monster
3925,monstrosity
3926,monstrous
3927,monstrously
3928,monumental
3929,monumentally
3930,moody
3931,moot
3932,mope
3933,morality
3934,morbid
3935,morbidly
3936,mordant
3937,mordantly
3938,moribund
3939,moron
3940,moronic
3941,mortification
3942,mortified
3943,mortify
3944,mortifying
3945,motionless
3946,motivated
3947,motley
3948,mourn
3949,mourner
3950,mournful
3951,mournfully
3952,muddle
3953,muddy
3954,mudslinger
3955,mudslinging
3956,mulish
3957,multi-polarization
3958,multi-purpose
3959,mundane
3960,murder
3961,murderer
3962,murderous
3963,murderously
3964,murky
3965,muscle-flexing
3966,mushy
3967,musty
3968,mysterious
3969,mysteriously
3970,mystery
3971,mystify
3972,myth
3973,nag
3974,nagging
3975,naive
3976,naively
3977,narrower
3978,nastily
3979,nastiness
3980,nasty
3981,naughty
3982,nauseate
3983,nauseates
3984,nauseating
3985,nauseatingly
3986,navigable
3987,nave
3988,neat
3989,neatest
3990,neatly
3991,nebulous
3992,nebulously
3993,needle
3994,needlessly
3995,needy
3996,nefarious
3997,nefariously
3998,negate
3999,negation
4000,negative
4001,negativity
4002,neglect
4003,neglected
4004,negligence
4005,negligent
4006,nemesis
4007,nepotism
4008,nervous
4009,nervously
4010,nervousness
4011,nettle
4012,nettlesome
4013,neurotic
4014,neurotically
4015,nice
4016,nicely
4017,nicer
4018,nicest
4019,nifty
4020,niggle
4021,niggles
4022,nightmare
4023,nightmarish
4024,nightmarishly
4025,nimble
4026,nitpick
4027,nitpicking
4028,noble
4029,nobly
4030,noise
4031,noiseless
4032,noisier
4033,noisy
4034,non-confidence
4035,non-violence
4036,non-violent
4037,nonexistent
4038,nonresponsive
4039,nonsense
4040,nosey
4041,not
4042,notably
4043,noteworthy
4044,notoriety
4045,notorious
4046,notoriously
4047,nourish
4048,nourishing
4049,nourishment
4050,novelty
4051,noxious
4052,nuisance
4053,numb
4054,nurturing
4055,oasis
4056,ob
4057,obese
4058,object
4059,objection
4060,objectionable
4061,oblique
4062,obliterate
4063,obliterated
4064,oblivious
4065,obnoxious
4066,obnoxiously
4067,obscene
4068,obscenely
4069,obscenity
4070,obscure
4071,obscured
4072,obscures
4073,obscurity
4074,obsession
4075,obsessive
4076,obsessively
4077,obsessiveness
4078,obsolete
4079,obstacle
4080,obstinate
4081,obstinately
4082,obstruct
4083,obstructed
4084,obstructing
4085,obstruction
4086,obstructs
4087,obtainable
4088,obtrusive
4089,obtuse
4090,occlude
4091,occluded
4092,occludes
4093,occluding
4094,odd
4095,odder
4096,oddest
4097,oddity
4098,oddly
4099,odor
4100,offence
4101,offend
4102,offender
4103,offending
4104,offense
4105,offensive
4106,offensively
4107,offensiveness
4108,officious
4109,ominous
4110,ominously
4111,omission
4112,omit
4113,one-sided
4114,onerous
4115,onerously
4116,onslaught
4117,openly
4118,openness
4119,opinionated
4120,opponent
4121,opportunistic
4122,oppose
4123,opposition
4124,oppress
4125,oppression
4126,oppressive
4127,oppressively
4128,oppressiveness
4129,oppressor
4130,optimal
4131,optimism
4132,optimistic
4133,opulent
4134,ordeal
4135,orderly
4136,originality
4137,orphan
4138,ostracize
4139,outbreak
4140,outburst
4141,outcast
4142,outcry
4143,outdo
4144,outdone
4145,outlaw
4146,outmoded
4147,outperform
4148,outperformed
4149,outperforming
4150,outperforms
4151,outrage
4152,outraged
4153,outrageous
4154,outrageously
4155,outrageousness
4156,outshine
4157,outshone
4158,outsider
4159,outsmart
4160,outstanding
4161,outstandingly
4162,outstrip
4163,outwit
4164,ovation
4165,over-acted
4166,over-awe
4167,over-balanced
4168,over-hyped
4169,over-priced
4170,over-valuation
4171,overact
4172,overacted
4173,overawe
4174,overbalance
4175,overbalanced
4176,overbearing
4177,overbearingly
4178,overblown
4179,overdo
4180,overdone
4181,overdue
4182,overemphasize
4183,overheat
4184,overjoyed
4185,overkill
4186,overloaded
4187,overlook
4188,overpaid
4189,overpayed
4190,overplay
4191,overpower
4192,overpriced
4193,overrated
4194,overreach
4195,overrun
4196,overshadow
4197,oversight
4198,oversimplification
4199,oversimplified
4200,oversimplify
4201,oversize
4202,overstate
4203,overstated
4204,overstatement
4205,overstates
4206,overtake
4207,overtaken
4208,overtakes
4209,overtaking
4210,overtaxed
4211,overthrow
4212,overtook
4213,overture
4214,overturn
4215,overweight
4216,overwhelm
4217,overwhelmed
4218,overwhelming
4219,overwhelmingly
4220,overwhelms
4221,overzealous
4222,overzealously
4223,overzelous
4224,pain
4225,pain-free
4226,painful
4227,painfull
4228,painfully
4229,painless
4230,painlessly
4231,palatial
4232,pale
4233,paltry
4234,pamper
4235,pampered
4236,pamperedly
4237,pamperedness
4238,pampers
4239,pan
4240,pandemonium
4241,pander
4242,pandering
4243,panic
4244,panick
4245,panicked
4246,panicking
4247,panicky
4248,panoramic
4249,paradise
4250,paradoxical
4251,paradoxically
4252,paralize
4253,paralyzed
4254,paramount
4255,paranoia
4256,paranoid
4257,parasite
4258,pardon
4259,pariah
4260,parody
4261,partiality
4262,partisan
4263,passe
4264,passion
4265,passionate
4266,passionately
4267,passive
4268,passiveness
4269,pathetic
4270,pathetically
4271,patience
4272,patient
4273,patiently
4274,patriot
4275,patriotic
4276,patronize
4277,paucity
4278,pauper
4279,payback
4280,peace
4281,peaceable
4282,peaceful
4283,peacefully
4284,peacekeeper
4285,peach
4286,peculiar
4287,peculiarly
4288,pedantic
4289,peeled
4290,peerless
4291,peeve
4292,peeved
4293,peevish
4294,peevishly
4295,penalize
4296,penalty
4297,pep
4298,pepped
4299,pepping
4300,peppy
4301,perfect
4302,perfection
4303,perfectly
4304,perfidious
4305,perfidity
4306,perfunctory
4307,peril
4308,perilous
4309,perilously
4310,perish
4311,permissible
4312,pernicious
4313,perplex
4314,perplexed
4315,perplexing
4316,perplexity
4317,persecute
4318,persecution
4319,perseverance
4320,persevere
4321,personage
4322,personalized
4323,pertinacious
4324,pertinaciously
4325,pertinacity
4326,perturb
4327,perturbed
4328,pervasive
4329,perverse
4330,perversely
4331,perversion
4332,perversity
4333,pervert
4334,perverted
4335,pessimism
4336,pessimistic
4337,pessimistically
4338,pest
4339,pestilent
4340,petrified
4341,petrify
4342,pettifog
4343,petty
4344,phenomenal
4345,phenomenally
4346,phobia
4347,phobic
4348,phony
4349,picket
4350,picketed
4351,picketing
4352,picky
4353,picturesque
4354,piety
4355,pig
4356,pillage
4357,pillory
4358,pimple
4359,pinch
4360,pinnacle
4361,pique
4362,pitiable
4363,pitiful
4364,pitifully
4365,pitiless
4366,pitilessly
4367,pittance
4368,pity
4369,plagiarize
4370,plague
4371,plasticky
4372,playful
4373,playfully
4374,plaything
4375,plea
4376,pleasant
4377,pleasantly
4378,pleased
4379,pleasing
4380,pleasingly
4381,pleasurable
4382,pleasurably
4383,pleasure
4384,plebeian
4385,plentiful
4386,plight
4387,plot
4388,plotter
4389,ploy
4390,plunder
4391,plunderer
4392,plus
4393,plush
4394,poetic
4395,poeticize
4396,poignant
4397,pointless
4398,pointlessly
4399,poise
4400,poised
4401,poison
4402,poisonous
4403,poisonously
4404,pokey
4405,poky
4406,polarisation
4407,polemize
4408,polished
4409,polite
4410,politeness
4411,pollute
4412,polluter
4413,polution
4414,pompous
4415,poor
4416,poorer
4417,poorest
4418,poorly
4419,popular
4420,portable
4421,posh
4422,positive
4423,positively
4424,posturing
4425,pout
4426,poverty
4427,powerful
4428,powerfully
4429,powerless
4430,praise
4431,praiseworthy
4432,praising
4433,prate
4434,pratfall
4435,prattle
4436,pre-eminent
4437,precarious
4438,precariously
4439,precious
4440,precipitate
4441,precipitous
4442,precise
4443,precisely
4444,predatory
4445,predicament
4446,preeminent
4447,prefer
4448,preferable
4449,preferably
4450,prefered
4451,preferes
4452,preferring
4453,prefers
4454,prejudge
4455,prejudice
4456,prejudicial
4457,premeditated
4458,premier
4459,preoccupy
4460,preposterous
4461,preposterously
4462,prestige
4463,prestigious
4464,presumptuous
4465,presumptuously
4466,pretence
4467,pretend
4468,pretense
4469,pretentious
4470,pretentiously
4471,prettily
4472,pretty
4473,prevaricate
4474,priceless
4475,pricey
4476,pricier
4477,prick
4478,prickle
4479,pride
4480,prideful
4481,prik
4482,primitive
4483,principled
4484,prison
4485,prisoner
4486,privilege
4487,privileged
4488,prize
4489,pro
4490,proactive
4491,problem
4492,problem-free
4493,problem-solver
4494,problematic
4495,procrastinate
4496,procrastinates
4497,procrastination
4498,prodigious
4499,prodigiously
4500,prodigy
4501,productive
4502,productively
4503,prof
4504,profane
4505,profanity
4506,proficient
4507,proficiently
4508,profound
4509,profoundly
4510,profuse
4511,profusion
4512,progress
4513,progressive
4514,prohibit
4515,prohibitive
4516,prohibitively
4517,prolific
4518,prominence
4519,prominent
4520,promise
4521,promised
4522,promising
4523,promoter
4524,prompt
4525,promptly
4526,propaganda
4527,propagandize
4528,proper
4529,properly
4530,propitious
4531,propitiously
4532,proprietary
4533,prosecute
4534,prosper
4535,prosperity
4536,prosperous
4537,prospros
4538,protect
4539,protection
4540,protective
4541,protest
4542,protested
4543,protesting
4544,protracted
4545,proud
4546,proven
4547,providence
4548,proving
4549,provocation
4550,provocative
4551,provoke
4552,prowess
4553,prudence
4554,prudent
4555,prudently
4556,pry
4557,pugnacious
4558,pugnaciously
4559,pugnacity
4560,punch
4561,punctual
4562,punish
4563,punishable
4564,punitive
4565,punk
4566,puny
4567,puppet
4568,pure
4569,purify
4570,purposeful
4571,puzzled
4572,puzzlement
4573,puzzling
4574,quack
4575,quaint
4576,qualified
4577,qualify
4578,qualm
4579,quandary
4580,quarrel
4581,quarrellous
4582,quarrellously
4583,quarrelsome
4584,quash
4585,queer
4586,questionable
4587,quibble
4588,quicker
4589,quiet
4590,quieter
4591,quitter
4592,rabid
4593,racism
4594,racist
4595,racy
4596,radiance
4597,radiant
4598,radical
4599,radicalization
4600,radically
4601,rage
4602,ragged
4603,raging
4604,rail
4605,raked
4606,rampage
4607,rampant
4608,ramshackle
4609,rancor
4610,randomly
4611,rankle
4612,rant
4613,ranted
4614,ranting
4615,rantingly
4616,rape
4617,raped
4618,rapid
4619,raping
4620,rapport
4621,rapt
4622,rapture
4623,raptureous
4624,raptureously
4625,rapturous
4626,rapturously
4627,rascal
4628,rash
4629,rational
4630,rattle
4631,rattled
4632,ravage
4633,raving
4634,razor-sharp
4635,reachable
4636,reactionary
4637,readable
4638,readily
4639,ready
4640,reaffirm
4641,reaffirmation
4642,realistic
4643,realizable
4644,reasonable
4645,reasonably
4646,reasoned
4647,reassurance
4648,reassure
4649,rebellious
4650,rebuff
4651,rebuke
4652,recalcitrant
4653,recant
4654,receptive
4655,recession
4656,recessionary
4657,reckless
4658,recklessly
4659,recklessness
4660,reclaim
4661,recoil
4662,recomend
4663,recommend
4664,recommendation
4665,recommended
4666,reconcile
4667,reconciliation
4668,record-setting
4669,recourse
4670,recover
4671,recovery
4672,rectification
4673,rectify
4674,rectifying
4675,redeem
4676,redeeming
4677,redemption
4678,redundancy
4679,redundant
4680,refine
4681,refined
4682,refinement
4683,reform
4684,reformed
4685,reforming
4686,refresh
4687,refreshed
4688,refreshing
4689,refund
4690,refunded
4691,refusal
4692,refuse
4693,refused
4694,refusing
4695,refutation
4696,refute
4697,refuted
4698,refutes
4699,refuting
4700,regal
4701,regally
4702,regard
4703,regress
4704,regression
4705,regressive
4706,regret
4707,regreted
4708,regretful
4709,regretfully
4710,regrettable
4711,regrettably
4712,regretted
4713,reject
4714,rejected
4715,rejecting
4716,rejection
4717,rejoice
4718,rejoicing
4719,rejoicingly
4720,rejuvenate
4721,rejuvenated
4722,rejuvenating
4723,relapse
4724,relaxed
4725,relent
4726,relentless
4727,relentlessly
4728,relentlessness
4729,reliable
4730,reliably
4731,relief
4732,relish
4733,reluctance
4734,reluctant
4735,reluctantly
4736,remarkable
4737,remarkably
4738,remedy
4739,remission
4740,remorse
4741,remorseful
4742,remorsefully
4743,remorseless
4744,remorselessly
4745,remorselessness
4746,remunerate
4747,renaissance
4748,renewed
4749,renounce
4750,renown
4751,renowned
4752,renunciation
4753,repel
4754,repetitive
4755,replaceable
4756,reprehensible
4757,reprehensibly
4758,reprehension
4759,reprehensive
4760,repress
4761,repression
4762,repressive
4763,reprimand
4764,reproach
4765,reproachful
4766,reprove
4767,reprovingly
4768,repudiate
4769,repudiation
4770,repugn
4771,repugnance
4772,repugnant
4773,repugnantly
4774,repulse
4775,repulsed
4776,repulsing
4777,repulsive
4778,repulsively
4779,repulsiveness
4780,reputable
4781,reputation
4782,resent
4783,resentful
4784,resentment
4785,resignation
4786,resigned
4787,resilient
4788,resistance
4789,resolute
4790,resound
4791,resounding
4792,resourceful
4793,resourcefulness
4794,respect
4795,respectable
4796,respectful
4797,respectfully
4798,respite
4799,resplendent
4800,responsibly
4801,responsive
4802,restful
4803,restless
4804,restlessness
4805,restored
4806,restrict
4807,restricted
4808,restriction
4809,restrictive
4810,restructure
4811,restructured
4812,restructuring
4813,resurgent
4814,retaliate
4815,retaliatory
4816,retard
4817,retarded
4818,retardedness
4819,reticent
4820,retract
4821,retractable
4822,retreat
4823,retreated
4824,revel
4825,revelation
4826,revenge
4827,revengeful
4828,revengefully
4829,revere
4830,reverence
4831,reverent
4832,reverently
4833,revert
4834,revile
4835,reviled
4836,revitalize
4837,revival
4838,revive
4839,revives
4840,revoke
4841,revolt
4842,revolting
4843,revoltingly
4844,revolutionary
4845,revolutionize
4846,revolutionized
4847,revolutionizes
4848,revulsion
4849,revulsive
4850,reward
4851,rewarding
4852,rewardingly
4853,rhapsodize
4854,rhetoric
4855,rhetorical
4856,ricer
4857,rich
4858,richer
4859,richly
4860,richness
4861,ridicule
4862,ridiculous
4863,ridiculously
4864,rife
4865,rift
4866,right
4867,righten
4868,righteous
4869,righteously
4870,righteousness
4871,rightful
4872,rightfully
4873,rightly
4874,rightness
4875,rigid
4876,rigidity
4877,rigidness
4878,rile
4879,riled
4880,rip
4881,rip-off
4882,ripoff
4883,ripped
4884,risk
4885,risk-free
4886,risky
4887,rival
4888,rivalry
4889,roadblock
4890,robust
4891,rock-star
4892,rock-stars
4893,rockstar
4894,rockstars
4895,rocky
4896,rogue
4897,rollercoaster
4898,romantic
4899,romantically
4900,romanticize
4901,roomier
4902,roomy
4903,rosy
4904,rot
4905,rotten
4906,rough
4907,rremediable
4908,rubbish
4909,rude
4910,rue
4911,ruffian
4912,ruffle
4913,ruin
4914,ruined
4915,ruining
4916,ruinous
4917,rumbling
4918,rumor
4919,rumour
4920,rumple
4921,run-down
4922,runaway
4923,rupture
4924,rust
4925,rusty
4926,rut
4927,ruthless
4928,ruthlessly
4929,ruthlessness
4930,sabotage
4931,sack
4932,sacrificed
4933,sad
4934,sadden
4935,sadly
4936,sadness
4937,safe
4938,safely
4939,sag
4940,sagacity
4941,sagely
4942,sagged
4943,sagging
4944,saggy
4945,saint
4946,saintliness
4947,saintly
4948,salacious
4949,salutary
4950,salute
4951,sanctimonious
4952,sane
4953,sap
4954,sarcasm
4955,sarcastic
4956,sarcastically
4957,sardonic
4958,sardonically
4959,sas
4960,satirical
4961,satirize
4962,satisfactorily
4963,satisfactory
4964,satisfied
4965,satisfies
4966,satisfy
4967,satisfying
4968,satisified
4969,savage
4970,savaged
4971,savagery
4972,saver
4973,saving
4974,savior
4975,savvy
4976,scaly
4977,scam
4978,scandal
4979,scandalize
4980,scandalized
4981,scandalous
4982,scandalously
4983,scandel
4984,scandels
4985,scant
4986,scapegoat
4987,scar
4988,scarce
4989,scarcely
4990,scarcity
4991,scare
4992,scared
4993,scarier
4994,scariest
4995,scarily
4996,scarred
4997,scary
4998,scathing
4999,scathingly
5000,scenic
5001,sceptical
5002,scoff
5003,scoffingly
5004,scold
5005,scolded
5006,scolding
5007,scoldingly
5008,scorching
5009,scorchingly
5010,scorn
5011,scornful
5012,scornfully
5013,scoundrel
5014,scourge
5015,scowl
5016,scramble
5017,scrambled
5018,scrambling
5019,scrap
5020,scratch
5021,scratched
5022,scratchy
5023,scream
5024,screech
5025,screw-up
5026,screwed
5027,screwed-up
5028,screwy
5029,scuff
5030,scum
5031,scummy
5032,seamless
5033,seasoned
5034,second-class
5035,second-tier
5036,secretive
5037,secure
5038,securely
5039,sedentary
5040,seedy
5041,seethe
5042,seething
5043,selective
5044,self-coup
5045,self-criticism
5046,self-defeating
5047,self-destructive
5048,self-determination
5049,self-humiliation
5050,self-interest
5051,self-interested
5052,self-respect
5053,self-satisfaction
5054,self-serving
5055,self-sufficiency
5056,self-sufficient
5057,selfinterested
5058,selfish
5059,selfishly
5060,selfishness
5061,semi-retarded
5062,senile
5063,sensation
5064,sensational
5065,sensationalize
5066,sensationally
5067,senseless
5068,senselessly
5069,sensible
5070,sensibly
5071,sensitive
5072,serene
5073,serenity
5074,seriousness
5075,sermonize
5076,servitude
5077,set-up
5078,setback
5079,sever
5080,severe
5081,severity
5082,sexy
5083,sh
5084,shabby
5085,shadowy
5086,shady
5087,shake
5088,shaky
5089,shallow
5090,sham
5091,shamble
5092,shame
5093,shameful
5094,shamefully
5095,shamefulness
5096,shameless
5097,shamelessly
5098,shamelessness
5099,shark
5100,sharp
5101,sharper
5102,sharpest
5103,sharply
5104,shatter
5105,shemale
5106,shimmer
5107,shimmering
5108,shimmeringly
5109,shimmy
5110,shine
5111,shiny
5112,shipwreck
5113,shirk
5114,shirker
5115,shit
5116,shiver
5117,shock
5118,shocked
5119,shocking
5120,shockingly
5121,shoddy
5122,short-lived
5123,shortage
5124,shortchange
5125,shortcoming
5126,shortness
5127,shortsighted
5128,shortsightedness
5129,showdown
5130,shrew
5131,shriek
5132,shrill
5133,shrilly
5134,shrivel
5135,shroud
5136,shrouded
5137,shrug
5138,shun
5139,shunned
5140,sick
5141,sicken
5142,sickening
5143,sickeningly
5144,sickly
5145,sickness
5146,sidetrack
5147,sidetracked
5148,siege
5149,significant
5150,silent
5151,sillily
5152,silly
5153,simpler
5154,simplest
5155,simplified
5156,simplifies
5157,simplify
5158,simplifying
5159,simplistic
5160,simplistically
5161,sin
5162,sincere
5163,sincerely
5164,sincerity
5165,sinful
5166,sinfully
5167,sinister
5168,sinisterly
5169,sink
5170,sinking
5171,skeleton
5172,skeptic
5173,skeptical
5174,skeptically
5175,skepticism
5176,sketchy
5177,skill
5178,skilled
5179,skillful
5180,skillfully
5181,skimpy
5182,skinny
5183,skittish
5184,skittishly
5185,skulk
5186,slack
5187,slammin
5188,slander
5189,slanderer
5190,slanderous
5191,slanderously
5192,slap
5193,slashing
5194,slaughter
5195,slaughtered
5196,slave
5197,sleazy
5198,sleek
5199,slick
5200,slime
5201,slog
5202,slogged
5203,slogging
5204,slogs
5205,sloooooooooooooow
5206,sloooow
5207,slooow
5208,sloow
5209,sloppily
5210,sloppy
5211,sloth
5212,slothful
5213,slow
5214,slow-moving
5215,slowed
5216,slower
5217,slowest
5218,slowly
5219,sloww
5220,slowww
5221,slowwww
5222,slug
5223,sluggish
5224,slump
5225,slumping
5226,slumpping
5227,slur
5228,slut
5229,sly
5230,smack
5231,smallish
5232,smart
5233,smarter
5234,smartest
5235,smartly
5236,smash
5237,smear
5238,smell
5239,smelled
5240,smelling
5241,smelly
5242,smelt
5243,smile
5244,smiling
5245,smilingly
5246,smitten
5247,smoke
5248,smokescreen
5249,smolder
5250,smoldering
5251,smooth
5252,smoother
5253,smoothes
5254,smoothest
5255,smoothly
5256,smother
5257,smoulder
5258,smouldering
5259,smudge
5260,smudged
5261,smudging
5262,smug
5263,smugly
5264,smut
5265,smuttier
5266,smuttiest
5267,smutty
5268,snag
5269,snagged
5270,snagging
5271,snappish
5272,snappishly
5273,snappy
5274,snare
5275,snarky
5276,snarl
5277,snazzy
5278,sneak
5279,sneakily
5280,sneaky
5281,sneer
5282,sneering
5283,sneeringly
5284,snob
5285,snobbish
5286,snobby
5287,snobish
5288,snub
5289,so-cal
5290,soapy
5291,sob
5292,sober
5293,sobering
5294,sociable
5295,soft
5296,softer
5297,solace
5298,solemn
5299,solicitous
5300,solicitously
5301,solicitude
5302,solid
5303,solidarity
5304,somber
5305,soothe
5306,soothingly
5307,sophisticated
5308,sore
5309,sorely
5310,soreness
5311,sorrow
5312,sorrowful
5313,sorrowfully
5314,sorry
5315,soulful
5316,soundly
5317,soundness
5318,sour
5319,sourly
5320,spacious
5321,spade
5322,spank
5323,sparkle
5324,sparkling
5325,spectacular
5326,spectacularly
5327,speedily
5328,speedy
5329,spellbind
5330,spellbinding
5331,spellbindingly
5332,spellbound
5333,spendy
5334,spew
5335,spewed
5336,spewing
5337,spews
5338,spilling
5339,spinster
5340,spirited
5341,spiritless
5342,spiritual
5343,spite
5344,spiteful
5345,spitefully
5346,spitefulness
5347,splatter
5348,splendid
5349,splendidly
5350,splendor
5351,split
5352,splitting
5353,spoil
5354,spoilage
5355,spoiled
5356,spoilled
5357,spontaneous
5358,spook
5359,spookier
5360,spookiest
5361,spookily
5362,spooky
5363,spoon-fed
5364,spoon-feed
5365,spoonfed
5366,sporadic
5367,sporty
5368,spotless
5369,spotty
5370,sprightly
5371,spurious
5372,spurn
5373,sputter
5374,squabble
5375,squabbling
5376,squander
5377,squash
5378,squeak
5379,squeaky
5380,squeal
5381,squealing
5382,squirm
5383,stab
5384,stability
5385,stabilize
5386,stable
5387,stagnant
5388,stagnate
5389,stagnation
5390,staid
5391,stain
5392,stainless
5393,stale
5394,stalemate
5395,stall
5396,stammer
5397,stampede
5398,standout
5399,standstill
5400,stark
5401,starkly
5402,startle
5403,startling
5404,startlingly
5405,starvation
5406,starve
5407,state-of-the-art
5408,stately
5409,static
5410,statuesque
5411,staunch
5412,staunchly
5413,staunchness
5414,steadfast
5415,steadfastly
5416,steadfastness
5417,steadiest
5418,steadiness
5419,steady
5420,steal
5421,stealing
5422,steep
5423,steeply
5424,stellar
5425,stellarly
5426,stench
5427,stereotype
5428,stereotypical
5429,stereotypically
5430,stern
5431,stew
5432,sticky
5433,stiff
5434,stiffness
5435,stifle
5436,stifling
5437,stiflingly
5438,stigma
5439,stigmatize
5440,stimulate
5441,stimulates
5442,stimulating
5443,stimulative
5444,sting
5445,stinging
5446,stingingly
5447,stingy
5448,stink
5449,stirringly
5450,stodgy
5451,stole
5452,stolen
5453,stooge
5454,stormy
5455,straggle
5456,straggler
5457,straighten
5458,straightforward
5459,strain
5460,strained
5461,straining
5462,strange
5463,strangely
5464,stranger
5465,strangest
5466,strangle
5467,streaky
5468,streamlined
5469,strenuous
5470,stress
5471,stressful
5472,stressfully
5473,stricken
5474,strict
5475,strictly
5476,strident
5477,stridently
5478,strife
5479,strike
5480,striking
5481,strikingly
5482,stringent
5483,stringently
5484,striving
5485,strong
5486,stronger
5487,strongest
5488,struck
5489,struggle
5490,struggled
5491,struggling
5492,strut
5493,stubborn
5494,stubbornly
5495,stubbornness
5496,stuck
5497,stuffy
5498,stumble
5499,stumbled
5500,stump
5501,stumped
5502,stun
5503,stunned
5504,stunning
5505,stunningly
5506,stunt
5507,stunted
5508,stupendous
5509,stupendously
5510,stupid
5511,stupidest
5512,stupidity
5513,stupidly
5514,stupified
5515,stupify
5516,stupor
5517,sturdier
5518,sturdy
5519,stutter
5520,stuttered
5521,stuttering
5522,sty
5523,stylish
5524,stylishly
5525,stylized
5526,stymied
5527,suave
5528,suavely
5529,sub-par
5530,subdued
5531,subjected
5532,subjection
5533,subjugate
5534,subjugation
5535,sublime
5536,submissive
5537,subordinate
5538,subpoena
5539,subservience
5540,subservient
5541,subsidize
5542,subsidized
5543,subsidizes
5544,subsidizing
5545,substandard
5546,substantive
5547,subtract
5548,subversion
5549,subversive
5550,subversively
5551,subvert
5552,succeed
5553,succeeded
5554,succeeding
5555,succeeds
5556,succes
5557,success
5558,successful
5559,successfully
5560,succumb
5561,suck
5562,sucked
5563,sucker
5564,sucky
5565,sue
5566,sued
5567,sueing
5568,suffer
5569,suffered
5570,sufferer
5571,suffering
5572,suffers
5573,suffice
5574,sufficed
5575,suffices
5576,sufficient
5577,sufficiently
5578,suffocate
5579,sugar-coat
5580,sugar-coated
5581,sugarcoated
5582,suicidal
5583,suicide
5584,suitable
5585,sulk
5586,sullen
5587,sully
5588,sumptuous
5589,sumptuously
5590,sumptuousness
5591,sunder
5592,sunk
5593,sunken
5594,super
5595,superb
5596,superbly
5597,superficial
5598,superficiality
5599,superficially
5600,superfluous
5601,superior
5602,superiority
5603,superstition
5604,superstitious
5605,supple
5606,support
5607,supported
5608,supporter
5609,supporting
5610,supportive
5611,suppress
5612,suppression
5613,supremacy
5614,supreme
5615,supremely
5616,supurb
5617,supurbly
5618,surmount
5619,surpass
5620,surreal
5621,surrender
5622,survival
5623,survivor
5624,susceptible
5625,suspect
5626,suspicion
5627,suspicious
5628,suspiciously
5629,sustainability
5630,sustainable
5631,swagger
5632,swamped
5633,swank
5634,swankier
5635,swankiest
5636,swanky
5637,sweaty
5638,sweeping
5639,sweet
5640,sweeten
5641,sweetheart
5642,sweetly
5643,sweetness
5644,swelled
5645,swelling
5646,swift
5647,swiftness
5648,swindle
5649,swipe
5650,swollen
5651,symptom
5652,syndrome
5653,t
5654,taboo
5655,tacky
5656,taint
5657,tainted
5658,talent
5659,talented
5660,tamper
5661,tangle
5662,tangled
5663,tank
5664,tanked
5665,tantalize
5666,tantalizing
5667,tantalizingly
5668,tantrum
5669,tardy
5670,tarnish
5671,tarnished
5672,tarnishing
5673,tattered
5674,taunt
5675,taunting
5676,tauntingly
5677,taut
5678,tawdry
5679,taxing
5680,tease
5681,teasingly
5682,tedious
5683,tediously
5684,temerity
5685,temper
5686,tempest
5687,tempt
5688,temptation
5689,tempting
5690,temptingly
5691,tenacious
5692,tenaciously
5693,tenacity
5694,tender
5695,tenderly
5696,tenderness
5697,tense
5698,tension
5699,tentative
5700,tentatively
5701,tenuous
5702,tenuously
5703,tepid
5704,terrible
5705,terribleness
5706,terribly
5707,terrific
5708,terrifically
5709,terror
5710,terror-genic
5711,terrorism
5712,terrorize
5713,testily
5714,testy
5715,tetchily
5716,tetchy
5717,thank
5718,thankful
5719,thankless
5720,thicker
5721,thinner
5722,thirst
5723,thorny
5724,thoughtful
5725,thoughtfully
5726,thoughtfulness
5727,thoughtless
5728,thoughtlessly
5729,thoughtlessness
5730,thrash
5731,threat
5732,threaten
5733,threatening
5734,threesome
5735,thrift
5736,thrifty
5737,thrill
5738,thrilled
5739,thrilling
5740,thrillingly
5741,thrive
5742,thriving
5743,throb
5744,throbbed
5745,throbbing
5746,throttle
5747,thug
5748,thumb-down
5749,thumb-up
5750,thumbs-down
5751,thumbs-up
5752,thwart
5753,tickle
5754,tidy
5755,time-consuming
5756,time-honored
5757,timely
5758,timid
5759,timidity
5760,timidly
5761,timidness
5762,tin-y
5763,tingle
5764,tingled
5765,tingling
5766,tired
5767,tiresome
5768,tiring
5769,tiringly
5770,titillate
5771,titillating
5772,titillatingly
5773,togetherness
5774,toil
5775,tolerable
5776,toll
5777,toll-free
5778,top
5779,top-heavy
5780,top-notch
5781,top-quality
5782,topnotch
5783,topple
5784,torment
5785,tormented
5786,torrent
5787,tortuous
5788,torture
5789,tortured
5790,torturing
5791,torturous
5792,torturously
5793,totalitarian
5794,touchy
5795,tough
5796,tougher
5797,toughest
5798,toughness
5799,tout
5800,touted
5801,toxic
5802,traction
5803,traduce
5804,tragedy
5805,tragic
5806,tragically
5807,traitor
5808,traitorous
5809,traitorously
5810,tramp
5811,trample
5812,tranquil
5813,tranquility
5814,transgress
5815,transgression
5816,transparent
5817,trap
5818,traped
5819,trapped
5820,trash
5821,trashed
5822,trashy
5823,trauma
5824,traumatic
5825,traumatically
5826,traumatize
5827,traumatized
5828,travesty
5829,treacherous
5830,treacherously
5831,treachery
5832,treason
5833,treasonous
5834,treasure
5835,tremendously
5836,trendy
5837,trick
5838,tricked
5839,trickery
5840,tricky
5841,triumph
5842,triumphal
5843,triumphant
5844,triumphantly
5845,trivial
5846,trivialize
5847,trivially
5848,trophy
5849,trouble
5850,trouble-free
5851,troubled
5852,troublemaker
5853,troublesome
5854,troublesomely
5855,troubling
5856,troublingly
5857,truant
5858,trump
5859,trumpet
5860,trust
5861,trusted
5862,trusting
5863,trustingly
5864,trustworthiness
5865,trustworthy
5866,trusty
5867,truthful
5868,truthfully
5869,truthfulness
5870,tumble
5871,tumbled
5872,tumultuous
5873,turbulent
5874,turmoil
5875,twinkly
5876,twist
5877,twisted
5878,two-faced
5879,two-faces
5880,tyrannical
5881,tyrannically
5882,tyranny
5883,tyrant
5884,ugh
5885,uglier
5886,ugliest
5887,ugliness
5888,ugly
5889,ulterior
5890,ultimatum
5891,ultra-crisp
5892,ultra-hardline
5893,un-viewable
5894,unabashed
5895,unabashedly
5896,unable
5897,unacceptable
5898,unacceptablely
5899,unacceptably
5900,unaccessible
5901,unaccustomed
5902,unachievable
5903,unaffected
5904,unaffordable
5905,unappealing
5906,unassailable
5907,unattractive
5908,unauthentic
5909,unavailable
5910,unavoidably
5911,unbearable
5912,unbearablely
5913,unbeatable
5914,unbelievable
5915,unbelievably
5916,unbiased
5917,unbound
5918,uncaring
5919,uncertain
5920,uncivil
5921,uncivilized
5922,unclean
5923,unclear
5924,uncollectible
5925,uncomfortable
5926,uncomfortably
5927,uncomfy
5928,uncompetitive
5929,uncomplicated
5930,uncompromising
5931,uncompromisingly
5932,unconditional
5933,unconfirmed
5934,unconstitutional
5935,uncontrolled
5936,unconvincing
5937,unconvincingly
5938,uncooperative
5939,uncouth
5940,uncreative
5941,undamaged
5942,undaunted
5943,undecided
5944,undefined
5945,undependability
5946,undependable
5947,undercut
5948,undercutting
5949,underdog
5950,underestimate
5951,underling
5952,undermine
5953,undermined
5954,undermines
5955,undermining
5956,underpaid
5957,underpowered
5958,undersized
5959,understandable
5960,undesirable
5961,undetermined
5962,undid
5963,undignified
5964,undisputable
5965,undisputably
5966,undisputed
5967,undissolved
5968,undocumented
5969,undone
5970,undue
5971,unease
5972,uneasily
5973,uneasiness
5974,uneasy
5975,uneconomical
5976,unemployed
5977,unencumbered
5978,unequal
5979,unequivocal
5980,unequivocally
5981,unethical
5982,uneven
5983,uneventful
5984,unexpected
5985,unexpectedly
5986,unexplained
5987,unfairly
5988,unfaithful
5989,unfaithfully
5990,unfamiliar
5991,unfavorable
5992,unfazed
5993,unfeeling
5994,unfettered
5995,unfinished
5996,unfit
5997,unforeseen
5998,unforgettable
5999,unforgiving
6000,unfortunate
6001,unfortunately
6002,unfounded
6003,unfriendly
6004,unfulfilled
6005,unfunded
6006,ungovernable
6007,ungrateful
6008,unhappily
6009,unhappiness
6010,unhappy
6011,unhealthy
6012,unhelpful
6013,unilateralism
6014,unimaginable
6015,unimaginably
6016,unimportant
6017,uninformed
6018,uninsured
6019,unintelligible
6020,unintelligile
6021,unipolar
6022,unity
6023,unjust
6024,unjustifiable
6025,unjustifiably
6026,unjustified
6027,unjustly
6028,unkind
6029,unkindly
6030,unknown
6031,unlamentable
6032,unlamentably
6033,unlawful
6034,unlawfully
6035,unlawfulness
6036,unleash
6037,unlicensed
6038,unlikely
6039,unlimited
6040,unlucky
6041,unmatched
6042,unmoved
6043,unnatural
6044,unnaturally
6045,unnecessary
6046,unneeded
6047,unnerve
6048,unnerved
6049,unnerving
6050,unnervingly
6051,unnoticed
6052,unobserved
6053,unorthodox
6054,unorthodoxy
6055,unparalleled
6056,unpleasant
6057,unpleasantries
6058,unpopular
6059,unpredictable
6060,unprepared
6061,unproductive
6062,unprofitable
6063,unprove
6064,unproved
6065,unproven
6066,unproves
6067,unproving
6068,unqualified
6069,unquestionable
6070,unquestionably
6071,unravel
6072,unraveled
6073,unreachable
6074,unreadable
6075,unreal
6076,unrealistic
6077,unreasonable
6078,unreasonably
6079,unrelenting
6080,unrelentingly
6081,unreliability
6082,unreliable
6083,unresolved
6084,unresponsive
6085,unrest
6086,unrestricted
6087,unrivaled
6088,unruly
6089,unsafe
6090,unsatisfactory
6091,unsavory
6092,unscrupulous
6093,unscrupulously
6094,unsecure
6095,unseemly
6096,unselfish
6097,unsettle
6098,unsettled
6099,unsettling
6100,unsettlingly
6101,unskilled
6102,unsophisticated
6103,unsound
6104,unspeakable
6105,unspeakablely
6106,unspecified
6107,unstable
6108,unsteadily
6109,unsteadiness
6110,unsteady
6111,unsuccessful
6112,unsuccessfully
6113,unsupported
6114,unsupportive
6115,unsure
6116,unsuspecting
6117,unsustainable
6118,untenable
6119,untested
6120,unthinkable
6121,unthinkably
6122,untimely
6123,untouched
6124,untrue
6125,untrustworthy
6126,untruthful
6127,unusable
6128,unusably
6129,unuseable
6130,unuseably
6131,unusual
6132,unusually
6133,unviewable
6134,unwanted
6135,unwarranted
6136,unwatchable
6137,unwavering
6138,unwelcome
6139,unwell
6140,unwieldy
6141,unwilling
6142,unwillingly
6143,unwillingness
6144,unwise
6145,unwisely
6146,unworkable
6147,unworthy
6148,unyielding
6149,upbeat
6150,upbraid
6151,upgradable
6152,upgradeable
6153,upgraded
6154,upheaval
6155,upheld
6156,uphold
6157,uplift
6158,uplifting
6159,upliftingly
6160,upliftment
6161,uprising
6162,uproar
6163,uproarious
6164,uproariously
6165,uproarous
6166,uproarously
6167,uproot
6168,upscale
6169,upset
6170,upseting
6171,upsetting
6172,upsettingly
6173,urgent
6174,usable
6175,useable
6176,useful
6177,useless
6178,user-friendly
6179,user-replaceable
6180,usurp
6181,usurper
6182,utterly
6183,vagrant
6184,vague
6185,vagueness
6186,vain
6187,vainly
6188,valiant
6189,valiantly
6190,valor
6191,valuable
6192,vanity
6193,variety
6194,vehement
6195,vehemently
6196,venerate
6197,vengeance
6198,vengeful
6199,vengefully
6200,vengefulness
6201,venom
6202,venomous
6203,venomously
6204,vent
6205,verifiable
6206,veritable
6207,versatile
6208,versatility
6209,vestige
6210,vex
6211,vexation
6212,vexing
6213,vexingly
6214,vibrant
6215,vibrantly
6216,vibrate
6217,vibrated
6218,vibrates
6219,vibrating
6220,vibration
6221,vice
6222,vicious
6223,viciously
6224,viciousness
6225,victimize
6226,victorious
6227,victory
6228,viewable
6229,vigilance
6230,vigilant
6231,vile
6232,vileness
6233,vilify
6234,villain
6235,villainous
6236,villainously
6237,villian
6238,villianous
6239,villianously
6240,villify
6241,vindictive
6242,vindictively
6243,vindictiveness
6244,violate
6245,violation
6246,violator
6247,violent
6248,violently
6249,viper
6250,virtue
6251,virtuous
6252,virtuously
6253,virulence
6254,virulent
6255,virulently
6256,virus
6257,visionary
6258,vivacious
6259,vivid
6260,vociferous
6261,vociferously
6262,volatile
6263,volatility
6264,vomit
6265,vomited
6266,vomiting
6267,vouch
6268,vouchsafe
6269,vulgar
6270,vulnerable
6271,wack
6272,wail
6273,wallow
6274,wane
6275,waning
6276,wanton
6277,war-like
6278,warily
6279,wariness
6280,warlike
6281,warm
6282,warmer
6283,warmhearted
6284,warmly
6285,warmth
6286,warned
6287,warning
6288,warp
6289,warped
6290,wary
6291,washed-out
6292,waste
6293,wasted
6294,wasteful
6295,wastefulness
6296,wasting
6297,water-down
6298,watered-down
6299,wayward
6300,weak
6301,weaken
6302,weakening
6303,weaker
6304,weakness
6305,wealthy
6306,weariness
6307,wearisome
6308,weary
6309,wedge
6310,weed
6311,weep
6312,weird
6313,weirdly
6314,welcome
6315,well
6316,well-backlit
6317,well-balanced
6318,well-behaved
6319,well-being
6320,well-bred
6321,well-connected
6322,well-educated
6323,well-established
6324,well-informed
6325,well-intentioned
6326,well-known
6327,well-made
6328,well-managed
6329,well-mannered
6330,well-positioned
6331,well-received
6332,well-regarded
6333,well-rounded
6334,well-run
6335,well-wisher
6336,wellbeing
6337,wheedle
6338,whimper
6339,whine
6340,whining
6341,whiny
6342,whip
6343,whoa
6344,wholeheartedly
6345,wholesome
6346,whooa
6347,whoooa
6348,whore
6349,wicked
6350,wickedly
6351,wickedness
6352,wieldy
6353,wild
6354,wildly
6355,wile
6356,willing
6357,willingly
6358,willingness
6359,wilt
6360,wily
6361,wimpy
6362,win
6363,wince
6364,windfall
6365,winnable
6366,winner
6367,winning
6368,wisdom
6369,wise
6370,wisely
6371,witty
6372,wobble
6373,wobbled
6374,woe
6375,woebegone
6376,woeful
6377,woefully
6378,womanizer
6379,womanizing
6380,won
6381,wonder
6382,wonderful
6383,wonderfully
6384,wonderous
6385,wonderously
6386,wondrous
6387,woo
6388,work
6389,workable
6390,worked
6391,world-famous
6392,worn
6393,worried
6394,worriedly
6395,worrier
6396,worrisome
6397,worry
6398,worrying
6399,worryingly
6400,worse
6401,worsen
6402,worsening
6403,worst
6404,worth
6405,worth-while
6406,worthiness
6407,worthless
6408,worthlessly
6409,worthlessness
6410,worthwhile
6411,worthy
6412,wound
6413,wow
6414,wowed
6415,wowing
6416,wrangle
6417,wrath
6418,wreak
6419,wreaked
6420,wreaks
6421,wreck
6422,wrest
6423,wrestle
6424,wretch
6425,wretched
6426,wretchedly
6427,wretchedness
6428,wrinkle
6429,wrinkled
6430,wrip
6431,wripped
6432,wripping
6433,writhe
6434,wrong
6435,wrongful
6436,wrongly
6437,wrought
6438,yawn
6439,yay
6440,youthful
6441,zap
6442,zapped
6443,zeal
6444,zealot
6445,zealous
6446,zealously
6447,zenith
6448,zest
6449,zippy
6450,zombie
